PUBCHEM_CID,PUBCHEM_EXT_DATASOURCE_SMILES_1468,Fit_CurveClass_1468,Max_Response_1468,Potency_1468
4094710,CCN(CC)S(=O)(=O)C1=CC=CC(=C1)NC(=O)NC2=CC=CC(=C2)C(F)(F)F,-1.1,-142.162,7.9433
2632862,CCN(CC)S(=O)(=O)C1=CC=C(C=C1)NC(=O)NC2=CC=CC(=C2)C(F)(F)F,-1.1,-136.237,7.9433
15990719,CC(C)C1=CC=C(C=C1)NS(=O)(=O)C2=CC3=C(C=C2)NC=C(C3=O)C(=O)NC4CCCCC4,-1.1,-118.207,3.5481
4282864,CC1=C(C=CC(=C1)C2=CC(=C(C=C2)N=NC3=C(C4=C(C=C3)C(=CC(=C4N)S(=O)(=O)[O-])S(=O)(=O)[O-])O)C)N=NC5=C(C6=C(C=C5)C(=CC(=C6N)S(=O)(=O)[O-])S(=O)(=O)[O-])O,-1.1,-116.454,3.1623
2809257,C1=CC(=CC(=C1)Cl)NC(=O)NC2=CC=C(C=C2)N3C=CC(=N3)C(F)(F)F,-1.1,-114.136,3.5481
1335373,C1=CC=C(C=C1)SCC2=NN=C(S2)NC(=O)NC3=CC(=C(C=C3)Cl)Cl,-1.1,-111.239,3.5481
3679708,C1=CC(=CC=C1NC(=O)NC2=CC(=CC(=C2)OCC(F)(F)F)OCC(F)(F)F)F,-1.1,-109.942,8.9125
265940,C1=CC=C2C(=C1)C(=O)C(=C(C2=O)Cl)NC3=CC4=C(C=C3)C=NN4,-1.1,-108.971,7.9433
2320670,C1=CC=C2C(=C1)C(=O)C(=C(C2=O)Cl)NS(=O)(=O)C3=CC=C(C=C3)[N+](=O)[O-],-1.1,-102.312,8.9125
15990676,CC1=CC(=CC(=C1)NS(=O)(=O)C2=CC3=C(C=C2)NC=C(C3=O)C(=O)NC4CCCCC4)C,-1.1,-99.9853,7.9433
1380424,CCN(CC)C1=CC=C(C=C1)NC2=C(C(=O)C3=CC=CC=C3C2=O)Cl,-1.1,-99.2386,5.0119
970535,C1=CC(=CC(=C1)[N+](=O)[O-])NC(=O)NC2=CC=C(C=C2)OC(F)(F)F,-1.1,-97.8236,4.4668
15990621,CCC1=CC=C(C=C1)NS(=O)(=O)C2=CC3=C(C=C2)NC=C(C3=O)C(=O)NCC4=CC=C(C=C4)C,-1.1,-95.4136,3.5481
4124399,COC1=C(C=CC(=C1)C2=CC(=C(C=C2)N=NC3=C(C4=C(C=C3)C(=CC(=C4N)S(=O)(=O)[O-])S(=O)(=O)[O-])O)OC)N=NC5=C(C6=C(C=C5)C(=CC(=C6N)S(=O)(=O)[O-])S(=O)(=O)[O-])O,-1.1,-95.0897,2.8184
3647406,CC1=CC=C(C=C1)CCNC(=O)C2=CNC3=C(C2=O)C=C(C=C3)S(=O)(=O)NC4=CC=CC(=C4)C(F)(F)F,-1.1,-95.0152,7.9433
5281650,CC(=CCC1=C(C2=C(C=C1O)OC3=C(C2=O)C(=C(C(=C3)O)OC)CC=C(C)C)O)C,-1.1,-93.5326,7.9433
323616,CCC(=O)NC1=C(C(=O)C(=C(C1=O)Cl)NC(=O)CC)Cl,-1.1,-92.4022,3.5481
6604861,CC1=C(C(=O)[C@@H]2[C@@H](C1=O)O2)O,-1.1,-91.7038,3.9811
470952,C1=CC=C2C(=C1)C(=O)C(=C(C2=O)Cl)NC3=CC=C(C=C3)C(=O)O,-1.1,-90.5305,3.5481
8371,C1(=C(C(=O)C(=C(C1=O)Cl)Cl)Cl)Cl,-1.1,-88.489,1.4125
2939678,C1=CC=C2C(=C1)C(=CC(=C2O)SCC(=O)O)NS(=O)(=O)C3=CC=CC(=C3)[N+](=O)[O-],-1.1,-88.2,3.9811
10205,CC1=CC(=O)C2=C(C1=O)C=CC=C2O,-1.1,-87.7466,3.1623
135614526,C1=CC(=C(C=C1S(=O)(=O)N)[N+](=O)[O-])N/N=C/C2=C(C(=C(C=C2)O)O)O,-1.1,-87.398,5.0119
135541149,C1=CC(=CN=C1)NC(=S)N/N=C/C2=C(C(=C(C=C2)O)O)O,-1.1,-80.4377,1.9953
16746634,CCOC(=O)C1=CC=C(C=C1)NC(=O)C2=C(NC=N2)C(=O)N[C@@H](CC(C)C)C(=O)OCC3=CC=CC=C3,-1.1,-80.431,8.9125
4485,CC1=C(C(C(=C(N1)C)C(=O)OC)C2=CC=CC=C2[N+](=O)[O-])C(=O)OC,-1.1,-80.0456,3.5481
5317419,CC1=CC(=C(C2=C1C(=O)OC3=C(O2)C(=C(C(=C3COC(=O)/C=C/C(=O)O)O)C(=O)O)C)C=O)O,-1.2,-77.8943,3.5481
4069796,COC1=CC=C(C=C1)CNS(=O)(=O)C2=C(C=CC(=C2)C(=O)NC3=CC(=CC(=C3)Cl)Cl)F,-1.2,-77.868,3.5481
10667,C1=CC=C2C(=C1)C=CC(=O)C2=O,-1.2,-77.2554,4.4668
5461523,CC1(OCC(O1)CSC2=C(C(=O)C3=C(C2=O)C=CC=N3)SCC4COC(O4)(C)C)C,-1.2,-77.1814,1.7783
5280647,C1=CC(=C(C=C1C2=C(C(=O)C3=C(O2)C(=C(C=C3O)O)O)O)O)O,-1.2,-77.1363,7.9433
262093,C1=CC=C2C(=C1)C(=O)C(=C(C2=O)SCCO)SCCO,-1.2,-76.5599,2.5119
4696,C1C=C2C(=CC(=O)O2)C(O1)O,-1.2,-76.3034,1.9953
2911875,CC(C)C1=CC2=C(C=C1)OC(=N2)C3=C(C=CC(=C3)NC(=O)C4=CN=CC=C4)Cl,-1.2,-75.6578,7.9433
3698,C1=CN=CC=C1C2=CNC(=O)C(=C2)N,-1.2,-75.4423,4.4668
643007,CC(=CCC/C(=C/CC1=C(C=CC(=C1O)C(=O)/C=C/C2=CC=C(C=C2)O)O)/C)C,-1.2,-74.9549,7.9433
26964,C1=CC(=C(C(=C1CNNC(=O)C(CO)N)O)O)O.Cl,-1.2,-74.8957,3.1623
4518797,CCN(C1=CC=CC=C1)S(=O)(=O)C2=CC3=C(C=C2)NC=C(C3=O)C(=O)NC4CCCCC4,-1.2,-74.878,3.5481
135401277,CCN(CC)S(=O)(=O)C1=CC=CC(=C1)C(=O)N/N=C/C2=C(C(=C(C=C2)O)O)O,-1.2,-74.2424,8.9125
6603770,C1CC(C1)(C(=O)O)C(=O)O.N.N.[Pt],-1.2,-73.6279,2.8184
6869728,C1=CC=C2C(=C1)N=C3C(=C(N(C3=N2)/N=C/C4=CC(=CC=C4)O)N)S(=O)(=O)C5=CC=CS5,-1.2,-72.9129,7.9433
16015381,CC1=CC(=CC(=C1)OCCSC2=NC3=C(S2)C=C(C=C3)NC(=O)C4=CC=CS4)C,-1.2,-72.2252,7.0795
227456,CC1=CC2=C(C(=C(C(=C2C(C)C)O)O)C=O)C(=C1C3=C(C4=C(C=C3C)C(=C(C(=C4C=O)O)O)C(C)C)O)O.CC(=O)O,-1.2,-71.8152,7.9433
339983,C1=CC(=CC(=C1)[N+](=O)[O-])C2=C(N3C=CC=NC3=N2)N=O,-1.2,-71.7333,6.3096
151689,C1CCC(C(C1)N)N.Cl[Pt]Cl,-1.2,-71.6568,3.9811
15990651,CCOC1=CC=C(C=C1)NS(=O)(=O)C2=CC3=C(C=C2)NC=C(C3=O)C(=O)NCC4=CC=CC=C4,-1.2,-71.1383,3.5481
794011,C1=CC=C2C(=C1)C=CC(=C2O)C=NC3=CC=CC4=NSN=C43,-1.2,-70.9533,3.9811
3505890,CC(=O)OC1=CC(=CC(=C1OC(=O)C)OC(=O)C)C2=COC3=CC(=C(C(=C3C2=O)OC(=O)C)OC(=O)C)OC(=O)C,-1.2,-70.5787,8.9125
260556,C1=CC=C2C(=C1)C(=O)C(=C(C2=O)Cl)NC3=CC=C(C=C3)O,-1.2,-70.5284,3.5481
5781,C1(=O)C(=O)NC(=O)NC1=O,-1.2,-70.4094,2.8184
135500895,C1=CC(=C(C=C1Cl)[N+](=O)[O-])C2=CC=C(O2)/C=N/N=C/3\NC(=O)C(S3)CC(=O)O,-1.2,-70.31,1.5849
135691086,CN(C)S(=O)(=O)C1=CC=CC(=C1)NC(=S)N/N=C/C2=C(C(=C(C=C2)O)O)O,-1.2,-70.2338,7.0795
5014370,CC1=CC(=CC(=C1)NS(=O)(=O)C2=CC3=C(C=C2)NC=C(C3=O)C(=O)NCC4=CC=CC=C4Cl)C,-1.2,-69.1204,3.1623
16034304,CCCCSCCCNC(=O)C1=CNC2=C(C1=O)C=C(C=C2)S(=O)(=O)NC3=CC(=CC=C3)OC,-1.2,-69.0441,1.9953
1540074,CC1=C(C=CC(=C1)C2=NN(C=C2/C=C\3/C(=O)N=C(S3)N)C4=CC=CC=C4)OC(C)C,-1.2,-69.0064,3.1623
1125181,CC1=NN(C2=C1C=C(S2)C(=O)NC3=CC(=CC=C3)Cl)C4=CC=CC=C4,-1.2,-68.8896,3.1623
135438671,C1C(C(OC2=CC(=CC(=C21)O)O)C3=CC4=C(C(=C(C=C4C5C(CC6=C(C=C(C=C6O5)O)O)O)O)O)C(=O)C(=C3)O)O,-1.2,-68.8619,1.0
1260112,CC1=C(C=C(C=C1)NC(=O)COC2=CC=CC=C2C(=O)NC3=CC=CC=C3)Cl,-1.2,-68.7784,4.4668
4876538,CC(C)C(C)NC(=O)CSC1=NC2=C(C(=CS2)C3=CC=CO3)C(=O)N1C4=CC=CC=C4,-1.2,-68.299,4.4668
135460458,CCN1C(=NC2=C1C=CC(=C2)C(=O)N/N=C/C3=C(C(=C(C=C3)O)O)O)C,-1.2,-68.1093,7.9433
3619181,CCN(C1=CC=CC=C1)S(=O)(=O)C2=CC3=C(C=C2)NC=C(C3=O)C(=O)NCC4=CC=C(C=C4)C,-1.2,-67.7249,3.5481
16757639,C[C@H]1C(OC(=O)CC(CC(CCC(C(CC(C[C@]2(CC(C(C(O2)CC(/C=C/C=C/C=C/C=C/C=C/C=C/C=C/C(C1O)C)OC3C(C(C(C(O3)C)O)N)O)C(=O)O)O)O)O)O)O)O)O)C,-1.2,-67.693,3.9811
1187533,CC1=CC=C(C=C1)C2=NC3=CC=CC=C3C(=N2)NC4=CC=C(C=C4)C(=O)OC,-1.2,-67.6324,3.5481
3383712,CCCCCNC(=O)C1=CNC2=C(C1=O)C=C(C=C2)S(=O)(=O)N3CCC(CC3)C,-1.2,-67.151,7.9433
2488340,CN(C1=CC=C(C=C1)O)C(=S)NC2=CN=CC=C2,-1.2,-66.4936,3.1623
1265133,C1=CC=C2C=C3C(=CC2=C1)NC(=N3)SCC(=O)NC4=CC=CC(=C4)C(F)(F)F,-1.2,-66.2804,3.1623
3666825,CC1=CC=C(C=C1)CCNC(=O)C2=CNC3=C(C2=O)C=C(C=C3)S(=O)(=O)NC4=C(C=C(C=C4)C)C,-1.2,-65.6534,4.4668
38904,C1CC(C1)(C(=O)O)C(=O)O.N.N.[Pt],-1.2,-65.6308,3.1623
629629,CC(=O)NC1=CC=C(C=C1)C2=NC(=NC(=C2)C3=CC=CC=C3)C4=CC=CC=C4,-1.2,-65.5936,3.5481
6903962,C1=CC=C(C=C1)C2=NN(C=C2/C=N/NC(=O)CNC3=CC=CC(=C3)C(F)(F)F)C4=CC=CC=C4,-1.2,-65.2479,8.9125
1342829,CCOC(=O)C1=CC=C(C=C1)NC(=O)C2=CN(N=C2C3=CC=C(C=C3)C)C4=CC=CC=C4,-1.2,-65.1421,8.9125
6018993,C1C/C(=C\C2=CC=NC=C2)/C(=O)/C(=C/C3=CC=NC=C3)/C1,-1.2,-64.3054,5.0119
4917903,CC1=NN(C2=C1C(=O)C(CC2)Br)C3=CC=CC=N3,-1.2,-63.8127,3.1623
23205,C[C@@H]1C[C@@H]2[C@H]([C@@H]([C@]3([C@H]1C=CC3=O)C)O)C(=C)C(=O)O2,-1.2,-63.3267,3.9811
16745328,C[C@@H]1CC2C(CC(=O)O2)OC3CC4C(C[C@@H](C5C(O4)CC=CCC6C(O5)C/C=C\C7C(O6)CCCC8[C@@](O7)(CC9C(O8)CC2C(O9)[C@H](C[C@H](O2)CC(=C)C=O)O)C)C)O[C@@]3(C1)C,-1.2,-63.1446,3.9811
15944935,C1C/C(=C/C2=CC=CS2)/C3=NC4=CC=CC=C4C(=C3C1)C(=O)OCC(=O)NC5=CC=C(C=C5)C(=O)N,-1.2,-63.0965,4.4668
124333,CC1=CC=C(C=C1)S(=O)(=O)O.C1=CC=C2C(=C1)C(=O)C(=[N+]2[O-])C3=CC=CC=N3,-1.2,-62.96,7.9433
2998553,CC(C)C(C)(C#N)NC(=O)CSC1=NC2=C(C(=CS2)C3=CC=CO3)C(=O)N1C4=CC=CC=C4,-1.2,-62.8899,7.9433
370,C1=C(C=C(C(=C1O)O)O)C(=O)O,-1.2,-62.6997,1.9953
3847342,C1=CC(=CC=C1NC(=O)NCCNC(=O)C2=C(C=CC(=C2)OCC(F)(F)F)OCC(F)(F)F)OC(F)(F)F,-1.2,-62.5682,3.5481
1028213,C1=CC(=C(C=C1NC(=O)NC2=C(C=C(C=C2)Br)F)Cl)Cl,-1.2,-62.421,7.0795
1895639,C1=CC=C(C=C1)C(=O)C2=COC3=C2C(=O)C(=O)C4=CC=CC=C43,-1.2,-61.9317,7.9433
9660957,CCN\1C(=C(S/C1=N\S(=O)(=O)C2=CC=CC=C2)C=O)Cl,-1.2,-61.5475,7.0795
802842,CC1=CC(=C(C=C1)N=CC2=C(C(=CC=C2)O)O)C,-1.2,-61.2421,8.9125
2828330,CCOC(=O)C1=C(OC2(C1(C(=O)C3=CC=CC=C32)O)O)C,-1.2,-60.7703,1.4125
16018026,COC1=CC(=C(C=C1)OC)NC(=O)CN2C3=CC=CC=C3N4C=CC=C4C2=O,-1.2,-60.7395,3.1623
2814122,C1=CC(=CC=C1C(F)(F)F)NC(=O)NC2=CN=C(C=C2)OC3=NC=NC4=C3C=CC(=C4)Cl,-1.2,-59.9522,4.4668
11957516,C1CN(CCC1=C(C2=CC=C(C=C2)F)C3=CC=C(C=C3)F)CCN4C(=O)C5C=CC=CC5=NC4=S,-1.2,-59.911,8.9125
2767,[NH2-].[NH2-].Cl[Pt+2]Cl,-1.2,-59.8739,2.5119
787437,C1CN(CC2=C1C(=C(SC2=S)N)C#N)CC3=CC=CC=C3,-1.2,-59.8149,1.5849
65388,C1COCCN1[N+]2=NOC(=C2)N,-1.2,-59.561,3.5481
2732963,C1=CC=C(C(=C1)CC(=O)NC2(C(=O)C3=CC=CC=C3C2=O)O)Cl,-1.2,-59.2247,2.2387
16745759,CC1(C(=O)C2=CN(C(=CC2=C(C1=O)Br)C3=CC=C(C=C3)OC)C(CO)CO)OC(=O)CCC(=O)OC,-1.2,-59.0929,4.4668
2828331,CC1=C(C2(C(=O)C3=CC=CC=C3C2(O1)O)O)C(=O)C,-1.2,-58.9112,2.8184
3237318,C1=CC=C(C=C1)C(=O)NC2(C(=O)C3=CC=CC=C3C2=O)O,-1.2,-58.8943,4.4668
16010277,CCN(CC)CCOC(=O)C1=CC=C(C=C1)NC(=O)C2=CC3=C(S2)C4=CC=CC=C4OC3,-1.2,-58.5416,8.9125
11957514,CC([C@@H](C1=CC(=C(C=C1)O)O)O)N,-1.2,-57.8679,2.2387
2808387,C1=CC(=CC=C1N2C(=C(C=N2)NC(=O)NC3=CC(=CC(=C3)C(F)(F)F)C(F)(F)F)C(F)(F)F)[N+](=O)[O-],-1.2,-57.5679,3.5481
1736341,CC1=CC=C(C=C1)C(=O)C2=COC3=C2C(=O)C(=O)C4=CC=CC=C43,-1.2,-56.8194,8.9125
5703458,COC1=CC(=CC(=C1OC)OC)/C=C\2/C(=O)/C(=C/C3=CC(=C(C(=C3)OC)OC)OC)/COC2,-1.2,-56.747,3.5481
1614226,COC1=CC=C(C=C1)C(=O)C2=COC3=C2C(=O)C(=O)C4=CC=CC=C43,-1.2,-56.4154,7.9433
719141,CCOC(=O)C1=C(N=C(S1)NC(=O)NC2=CC=C(C=C2)Cl)C,-1.2,-56.0083,5.6234
1182652,CC(C)CCOC(=O)C1=CC=C(C=C1)NC(=O)/C=C/C2=C(C=CC(=C2)OC)OC,-1.2,-55.9089,7.9433
5702198,N.N.Cl[Pt]Cl,-1.2,-55.4548,2.2387
135423683,CC(=O)C1=CC=CC2=C1NC(=C2O)C3=NC4=CC=CC=C4C3=O,-1.2,-55.3763,7.9433
2810445,C1=CC=C2C(=C1)C(=O)C(C2=O)(NC(=O)C3=C(C=CC=C3Cl)Cl)O,-1.2,-55.1925,3.9811
16746595,CC(C)C[C@@H](C(=O)OC(C)(C)C)NC(=O)C1=C(N=CN1)C(=O)NC2=CC=C(C=C2)CNC(=O)OC(C)(C)C,-1.2,-54.4101,8.9125
442142,C[C@@H]1C[C@@H]2[C@H]([C@@H]([C@]3([C@H]1C=CC3=O)C)OC(=O)C)C(=C)C(=O)O2,-1.2,-54.2928,3.1623
221125,C1CN2CC3=CCOC(C4C3CC2C15C4NC6=C(C(=O)C(=O)C=C56)[N+](=O)[O-])CC(=O)O,-1.2,-53.8247,3.5481
3698299,CC1=C(C2=C(O1)C3=CC=CC=C3C(=O)C2=O)C(=O)C4=CC=C(C=C4)Cl,-1.2,-53.6172,3.5481
2516747,CN(C1=CC=C(C=C1)O)C(=S)NC2=CC=C(C=C2)SC(F)F,-1.2,-53.3391,2.8184
3364516,CC1=C(SC=C1)CNC2=C(C3=C(S2)CCCC3)C(=O)NC4=C(C=CC(=C4)Cl)OC,-1.2,-52.886,7.0795
16030570,C1=CC2=NC(=CC(=O)N2C=C1)COC3=CC=CC(=C3)NC(=O)NC4=CC=CC(=C4)C(F)(F)F,-1.2,-52.8831,7.0795
5379540,CC1=CC(=C(C2=C1C(=O)OC3=C(O2)C4=C(C(=C3C)O)C(=O)OC4O)C=O)O,-1.2,-52.7473,7.9433
29271,C[C@H]([C@H](C1=CC(=C(C=C1)O)O)O)N,-1.2,-52.5276,3.5481
2732881,C1=CC=C2C(=C1)C(=O)C(C2=O)(NC(=O)C3=CC=C(C=C3)C(F)(F)F)O,-1.2,-52.5162,2.2387
135470621,C1=CC=C(C(=C1)C2=CC=C(O2)/C=N/N=C/3\NC(=O)C(S3)CC(=O)O)[N+](=O)[O-],-1.2,-52.4592,1.5849
2834991,C1CC2=C(C(=O)C1)C3(C(=O)C4=CC=CC=C4C3(O2)O)O,-1.2,-51.8099,7.9433
5711118,CCOC1=C(C=C(C=C1)/C=C(\C#N)/C(=O)NC2=C(C3=C(S2)CCC3C(=O)OC)C(=O)OC)OC,-1.2,-51.6515,3.9811
6763,C1=CC=C2C(=C1)C3=CC=CC=C3C(=O)C2=O,-1.2,-51.2666,1.2589
15991274,C1=CC(=CC(=C1)NC2=NC3=NON=C3N=C2NC4=CC=C(C=C4)Cl)C(F)(F)F,-1.2,-51.261,2.5119
2790671,CC1=CC(=CC=C1)OCCCC(=O)NC2=C(C3=C(S2)CCC3C(=O)OC)C(=O)OC,-1.2,-51.2412,3.5481
2358568,CN1C(=C(C(=O)N(C1=O)C)C(=O)COC(=O)C2=CC(=NC3=CC=CC=C32)C4=CC=CC=C4)N,-1.2,-50.7329,3.5481
16746632,CCOC(=O)C1=CC=C(C=C1)NC(=O)C2=C(NC=N2)C(=O)N[C@@H](CC(C)C)C(=O)OC(C)(C)C,-1.2,-50.4962,3.1623
5322895,CC1CCN(CC1)S(=O)(=O)C2=CN(C(=O)C3=CC=CC=C32)CC(=O)NC4=CC=CC(=C4)C(F)(F)F,-1.2,-50.0963,3.5481
15910,C(#N)C1=C(C(=C(C(=C1Cl)Cl)Cl)C#N)Cl,-1.2,-50.0705,1.7783
23540,CN(C)C1=CC=C(C=C1)SC#N,-1.2,-50.0317,3.5481
9082,C(CS)N.Cl,-1.2,-49.4906,2.8184
4351083,C1=CC=C2C(=C1)C(=O)N(C(N2)C3=CC=C(O3)[N+](=O)[O-])NC(=O)C4=CC=C(C=C4)[N+](=O)[O-],-1.2,-49.2562,3.1623
693332,C1=CC=C(C=C1)CN=CC2=C(C(=CC=C2)O)O,-1.2,-49.1878,8.9125
16014614,CC1=C(C=C(C=C1)NC2=NC3=NON=C3N=C2NC4=CC=CC(=C4)C(F)(F)F)Cl,-1.2,-49.08,3.5481
1942504,C1=CC(=CC=C1CSCC2=NN=C(S2)NC(=O)NC3=CC=C(C=C3)Cl)Cl,-1.2,-48.8937,7.0795
15990674,CC1=CC(=CC(=C1)NS(=O)(=O)C2=CC3=C(C=C2)NC=C(C3=O)C(=O)NCCC4=CC=CC=C4)C,-1.2,-48.8606,1.9953
9549472,CC\1(C2=CC=CC=C2N(/C1=C\C=C\C3=[N+](C4=C(C3(C)C)C5=CC=CC=C5C=C4)C)C)C.[O-]Cl(=O)(=O)=O,-1.2,-48.7424,0.5623
15945679,CN1C2/C(=C/C3=CC=CC=N3)/C(=O)/C(=C\C4=CC=CC=N4)/C1CC2,-1.2,-48.4995,4.4668
135491645,C1COCCN1S(=O)(=O)C2=CC=C(C=C2)N=C3NN=C(CS3)C4=C(C=CC(=C4)F)F,-1.2,-47.9463,7.9433
4074999,C1CN(C2=CC=CC=C21)S(=O)(=O)C3=C(C=CC(=C3)C(=O)NC4=CC(=CC(=C4)Cl)Cl)F,-1.2,-47.152,3.9811
660294,C1=CC2=C(C=CC(=C2)N=CC3=C(C=C(C=C3)O)O)N=C1,-1.2,-47.0873,3.5481
804043,CCOC1=CC=C(C=C1)NC(=S)NC2=CC3=NSN=C3C=C2,-1.2,-46.8158,2.5119
3769822,COC1=CC=C(C=C1)N=C(NNC2=CC=C(C=C2)[N+](=O)[O-])P(=O)(N3CCOCC3)N4CCOCC4,-1.2,-46.4607,3.1623
547914,COC(=O)C1=C(SC(=S)S1)C(=O)OC,-1.2,-46.0638,3.9811
2384301,CC1=CC=C(C=C1)S(=O)(=O)N(C)C2=NC3=CC=CC=C3NC2=S,-1.2,-45.125,0.631
5711142,CCOC1=CC=C(C=C1)/C=C/C(=O)NC2=C(C3=C(S2)CCC3C(=O)OC)C(=O)OC,-1.2,-45.0702,7.9433
906542,CN1C2=NC(=O)N(C(=O)C2=NC(=N1)C3=CC=CC=N3)C,-1.2,-44.8279,5.0119
890662,C1=CC=C(C(=C1)CNC2=CC=CC3=C2N=CC=C3)O,-1.2,-44.4374,3.1623
5878769,C1=CC=C(C=C1)NC(=O)NC2=NN=C(S2)/C=C/C3=CC=CC=C3Cl,-1.2,-44.4317,3.9811
15991100,COC1=C(C=C(C=C1)C2=NC3=CC=CC=C3C(=N2)NC4=CC(=CC(=C4)OC)OC)OC,-1.2,-44.3304,7.0795
2463592,C1=CC2=C(C=CN=C2)C(=C1)NC(=S)NC3=CC=C(C=C3)F,-1.2,-44.2919,6.3096
1129688,C1CCC2=C(C1)C(=NN2CC(=O)NC3=CC(=C(C=C3)F)Cl)C(F)(F)F,-1.2,-44.2267,8.9125
4337122,CC1CCCN(C1)S(=O)(=O)C2=CC=C(C=C2)C(=O)NC3=CC=CC=C3C4=NC5=CC=CC=C5N4,-1.2,-44.1882,7.9433
5389617,C1=CC=C(C=C1)S(=O)(=O)C/C(=C/CO)/S(=O)(=O)C2=CC=CC=C2,-1.2,-43.9574,3.5481
3032310,C1C2=CC=CC=C2NC1=S,-1.2,-43.9199,0.5623
4246134,C1=CC=C(C(=C1)C2=NC3=CC=CC=C3N2)NC(=O)C4=C(C5=CC=CC=C5S4)Cl,-1.2,-43.8818,4.4668
653178,CC1CCN(CC1)S(=O)(=O)C2=CC=C(C=C2)NC(=O)CN3N=C(N=N3)C4=CC=C(C=C4)C,-1.2,-42.9109,5.6234
45105902,C1=CC=C2C(=C1)C=CC=C2/C=N/NC(=O)CC3=CC(=O)NN3,-1.2,-42.9087,2.2387
1472218,COC1=NC=C(C=C1)NC(=O)/C(=C(\S(=O)(=O)CC2=CC=CC=C2)/Cl)/Cl,-1.2,-42.4969,3.9811
16015592,C1=CC=C(C=C1)OCCSC2=NC3=C(S2)C=C(C=C3)NC(=O)C4=CC=CO4,-1.2,-42.3518,3.1623
9893924,C1=CC(=C(C=C1CN(CCCNC(=S)NCCCC2=CN=CN2)C3=NC=C(C=C3)Br)Cl)Cl,-1.2,-42.0278,4.4668
16020344,CCOC1=CC=C(C=C1)NC(=O)CN2C3=C(C=CC(=C3)C(=O)NC4CCCCC4)C(=O)N(C2=O)CC5=CC6=C(C=C5)OCO6,-1.2,-41.4966,6.3096
2161142,C1CCCN(CC1)S(=O)(=O)C2=CC=CC(=C2)C(=O)OCC(=O)C3=CNC4=CC=CC=C43,-1.2,-41.3898,5.0119
1112387,CC1=CC2=C(C=C1)OC(=N2)C3=C(C=CC(=C3)NC(=O)/C=C/C4=CC=CO4)Cl,-1.2,-41.314,6.3096
2999671,CCN1C2=C(C=C(C=C2)C(=O)O)N=C1CSC3=NC=CN3C,-1.2,-41.2417,7.9433
16019551,C1=CC=C(C=C1)CCNC2=NC3=C(N=NN3C4=C2SC=C4)S(=O)(=O)C5=CC=C(C=C5)Br,-1.2,-41.1386,7.0795
2241667,COC1=CC2=C(C=C1)C(=O)/C(=C/NC3=CC4=C(C=C3)OCO4)/CC2,-1.2,-41.0009,7.9433
15988252,CCCCC(CC)CNC(=O)C1=CC=C(C=C1)CN2C(=O)C3=CC(=C(C=C3NC2=O)OC)OC,-1.2,-40.9068,6.3096
1264277,CN1C2=C(C(=O)N(C1=O)C)N(C(=N2)SCC(=O)NC3=CC=C(C=C3)OC(F)(F)F)CC4=CC(=CC=C4)C(F)(F)F,-1.2,-40.6897,5.0119
4377992,C1=CC(=CC(=C1)NC2=NC3=NON=C3N=C2NC4=CC=C(C=C4)F)C(F)(F)F,-1.2,-40.599,7.9433
3239066,C1CN(CCC1C(=O)NCC2=CN=CC=C2)S(=O)(=O)C3=CC=CS3,-1.2,-40.5044,3.9811
3714544,CC1=CC(=CC=C1)C(=O)NC2=CC=C(C=C2)C3=NC4=C(O3)C=CC(=C4)C(C)C,-1.2,-40.4924,3.9811
16015501,CC1=CC=CC=C1NC(=O)CSC2=NC3=C(S2)C=C(C=C3)NC(=O)C4=CC=CS4,-1.2,-40.28,7.9433
818567,CCOC(=O)C1=C(SSC1=S)N,-1.2,-40.1769,2.8184
16033332,CCOC1=CC(=CC(=C1OCC)OCC)C(=O)NC2=C(C=C(C=C2)C3=NC4=CC=CC=C4S3)Cl,-1.4,-57.7279,1.4125
3654043,CC1=CC=C(C=C1)CCNC(=O)C2=CNC3=C(C2=O)C=C(C=C3)S(=O)(=O)NC4=CC(=CC=C4)OC,-1.4,-49.8073,3.9811
16682403,CC1=CC2=C(C=C1N)SC3=CC(=[N+](C)C)C=CC3=N2.Cl,-2.1,-148.573,8.9125
16018291,CC1CCC2=C(C1)C=C(N2C3=CC=C(C=C3)C(=O)NC(C)C)C4=CC=CC=C4,-2.1,-137.252,11.2202
6604161,C1=CC=C2C(=C1)C(=O)C3=C(C2=O)C(=C(C=C3NC4=CC(=C(C=C4)NC5=NC(=NC(=N5)NC6=CC=C(C=C6)S(=O)(=O)[O-])Cl)S(=O)(=O)[O-])S(=O)(=O)[O-])N.[Na+].[Na+].[Na+],-2.1,-132.925,10.0
2931388,CCOC1=CC=CC=C1C2=C3C=C(C(=O)C=C3OC4=CC(=C(C=C42)O)O)O,-2.1,-130.593,14.1254
4139,CN(C)C1=CC2=C(C=C1)N=C3C=CC(=[N+](C)C)C=C3S2,-2.1,-129.066,12.5893
3953791,C1CCN(CC1)S(=O)(=O)C2=CC(=C(C=C2)Cl)NC(=O)NC3=CC(=CC=C3)Cl,-2.1,-126.056,11.2202
72722,C1=CC=C(C(=C1)C2=C3C=C(C(=O)C=C3OC4=CC(=C(C=C42)O)O)O)O,-2.1,-124.577,12.5893
3977521,CC1=C(C=C(C=C1)NC(=O)C(C2=CC=CC=C2)OC(=O)C3=CC=C(C=C3)NC(=O)N)Cl,-2.1,-124.573,12.5893
2387818,CCOC(=O)C1=C(N=C(S1)N(CC2=CC=CC=C2)C(=O)COC(=O)C3=CC=C(C=C3)O)C,-2.1,-123.328,14.1254
16017994,CCNC(=O)C1=CC=C(C=C1)N2C3=C(CCCCC3)C=C2C4=CC=CC=C4,-2.1,-122.974,11.2202
50248,CSC1=NC2=CC(=C(C=C2N1)Cl)OC3=C(C(=CC=C3)Cl)Cl,-2.1,-118.952,12.5893
3375511,C1=CC=C(C(=C1)CSC2=NC3=CC=CC=C3C(=N2)NC4=CC=C(C=C4)F)Cl,-2.1,-118.189,6.3096
2810027,C1=CC(=CC=C1C2=NOC(=N2)CNC(=O)NC3=CC=C(C=C3)OC(F)(F)F)C(F)(F)F,-2.1,-115.739,7.9433
3601294,C1COCCN1S(=O)(=O)C2=CC=C(C=C2)NC(=S)NCCC(C3=CC=CC=C3)C4=CC=CC=C4,-2.1,-114.355,14.1254
2361995,CC1=C(C=CC(=C1)F)S(=O)(=O)NC2=CC=CC=C2C(=O)NC3=CC=CC=C3C4=NC5=CC=CC=C5N4,-2.1,-113.429,12.5893
5142315,C1=CC=C(C(=C1)CSC2=NC3=CC=CC=C3C(=N2)NC4=CC=C(C=C4)F)F,-2.1,-112.025,7.9433
2346083,CC1=C(C=C(C=C1)NS(=O)(=O)C2=CC(=C(C=C2)Cl)C(=O)NC3=CC=CC=C3C4=NC5=CC=CC=C5N4)C,-2.1,-111.567,14.1254
4372720,COC1=CC(=C(C=C1)C(=O)C2C3C4COC(O4)C(=O)C3C5N2C6=CC=CC=C6C=C5)OC,-2.1,-111.24,11.2202
949458,C1=CC=C(C=C1)NC(=O)NC2=NN=C(S2)COC3=CC=CC=C3F,-2.1,-109.537,14.1254
16017962,CCOCCCNC(=O)C1=CC=C(C=C1)N2C3=C(CC(CC3)C)C=C2C4=CC=CC=C4,-2.1,-108.909,5.0119
2328694,C1=CC=C(C=C1)NC(=O)NC2=CC(=CC(=C2)OCC(F)(F)F)OCC(F)(F)F,-2.1,-108.834,11.2202
4939,CC[N+](C)(CC)CCC[N+]1=C2C=C(C=CC2=C3C=CC(=CC3=C1C4=CC=CC=C4)N)N,-2.1,-108.093,6.3096
15990889,CC(C1=CC=CC=C1)NC(=O)C2=CNC3=C(C2=O)C=C(C=C3)S(=O)(=O)NC4=CC(=CC=C4)OC,-2.1,-107.489,7.9433
369538,COC1=CC2=C(C=C1)NC3=C2C=CC4=C3C(=O)C=CC4=O,-2.1,-106.535,11.2202
16019547,CC1=CC(=C(C=C1)C)S(=O)(=O)C2=C3N=C(C4=C(N3N=N2)C=CS4)NC5=CC(=C(C=C5)F)Cl,-2.1,-106.358,14.1254
5142310,C1=CC=C2C(=C1)C(=NC(=N2)SCC3=CC(=CC=C3)F)NC4=CC=C(C=C4)F,-2.1,-104.96,14.1254
5069805,C1CCN(CC1)S(=O)(=O)C2=CC=CC(=C2)NC(=O)NC3=C(C=C(C=C3)Cl)Cl,-2.1,-104.175,14.1254
260557,CN(C)C1=CC=C(C=C1)NC2=C(C(=O)C3=CC=CC=C3C2=O)Cl,-2.1,-103.5,14.1254
15990887,C1CCC(C1)NC(=O)C2=CNC3=C(C2=O)C=C(C=C3)S(=O)(=O)NC4=CC=CC(=C4)C(F)(F)F,-2.1,-102.627,10.0
16018289,CC(C)OCCCNC(=O)C1=CC=C(C=C1)N2C3=C(CCCC3)C=C2C4=CC=CC=C4,-2.1,-102.409,14.1254
6113305,CC1=CC=C(C=C1)S(=O)(=O)/C(=C/C2=CNC3=CC=CC=C32)/C#N,-2.1,-102.359,12.5893
2183861,C1=CC(=CC(=C1)Cl)NC(=O)NC2=NN=C(S2)CSCCOC3=CC=C(C=C3)Cl,-2.1,-102.308,7.9433
15945263,CC1=CC=C(C=C1)N2C(=NN=N2)SC(C3=CC=CC=C3)C(=O)C4=CNC5=CC=CC=C54,-2.1,-100.611,11.2202
734388,COC(=O)C1=CC(=CC=C1)NC(=O)NC2=CC(=C(C=C2)Cl)Cl,-2.1,-99.7651,12.5893
15990701,CC(C)C1=CC=C(C=C1)NS(=O)(=O)C2=CC3=C(C=C2)NC=C(C3=O)C(=O)NC4CCCC4,-2.1,-99.6786,11.2202
2802105,CC1=CC(=NC2=C(N(N(C2=O)C3=CC=CC=C3)C)C)C=CC1=O,-2.1,-98.7618,10.0
15989539,CC1=C(C=CC(=C1)NS(=O)(=O)C2=CC3=C(C=C2)N=C(N3)C4=CC=CC=C4)Br,-2.1,-98.7419,7.9433
4217968,CC1=CC(=CC(=C1)NS(=O)(=O)C2=CC3=C(C=C2)NC=C(C3=O)C(=O)NCC4=CC=CC=C4OC)C,-2.1,-98.5201,8.9125
15990619,CCC1=CC=C(C=C1)NS(=O)(=O)C2=CC3=C(C=C2)NC=C(C3=O)C(=O)NC4CCCC4,-2.1,-98.4864,11.2202
135536164,C1C(C(OC2=CC(=CC(=C21)O)O)C3=CC4=C(C(=C(C=C4C5C(CC6=C(C=C(C=C6O5)O)O)OC(=O)C7=CC(=C(C(=C7)O)O)O)O)O)C(=O)C(=C3)O)OC(=O)C8=CC(=C(C(=C8)O)O)O,-2.1,-98.2607,5.0119
72721,CC1=C2C=C(C(=O)C=C2OC3=CC(=C(C=C13)O)O)O,-2.1,-98.2542,10.0
16019443,CCN(CC)S(=O)(=O)C1=CC=C(C=C1)NC(=O)NCC2=NOC3=C2C=C(C=C3)C,-2.1,-98.1297,14.1254
16018030,CC1=CC(=C(C(=C1)C)NC(=O)CN2C3=CC=CC=C3N4C=CC=C4C2=O)C,-2.1,-98.1078,7.9433
3244114,CCN(CC)S(=O)(=O)C1=CC2=C(C=C1)NC=C(C2=O)C(=O)NCCC3=CCCCC3,-2.1,-97.8308,11.2202
3647683,CC(C)CCNC(=O)C1=CNC2=C(C1=O)C=C(C=C2)S(=O)(=O)NC3=CC=CC(=C3)C(F)(F)F,-2.1,-97.627,14.1254
2954345,C1=CC(=CC=C1CCNC(=S)NC2=CC=C(C=C2)[N+](=O)[O-])Cl,-2.1,-97.1758,12.5893
6235662,CC1=CC=C(C=C1)C2=NN(C=C2/C=C/C(=O)NC3=CC(=CC=C3)S(=O)(=O)N)C4=CC=CC=C4,-2.1,-97.1415,14.1254
16196245,CCN(CC)CCOC(=O)C1=CC=C(C=C1)NC(=O)C2=CN(N=C2C3=CC=CS3)C4=CC=CC=C4.Cl,-2.1,-97.1396,11.2202
16017958,CCCNC(=O)C1=CC=C(C=C1)N2C3=C(CC(CC3)C)C=C2C4=CC=CC=C4,-2.1,-96.9528,12.5893
15990893,COC1=CC=CC(=C1)NS(=O)(=O)C2=CC3=C(C=C2)NC=C(C3=O)C(=O)NC4CCCCC4,-2.1,-96.8543,7.0795
15987505,CCC1=CC2=C(C=C1)OC(=N2)C3=C(C=CC(=C3)NC(=O)C4=CC=CS4)Cl,-2.1,-96.519,12.5893
630988,CC(=O)NC1=CC=C(C=C1)NC2=C(C(=O)C3=CC=CC=C3C2=O)Cl,-2.1,-95.4573,10.0
15988417,CCOC(=O)C1=CC=C(C=C1)NC(=O)CN2C(=C(C(=N2)SC)S(=O)(=O)C3=CC=C(C=C3)Cl)N,-2.1,-94.1038,12.5893
4307180,COC1=CC(=CC(=C1)NC2=NC(=NC3=CC=CC=C32)SCC4=CC=CC=C4Cl)OC,-2.1,-94.0821,11.2202
2219338,C1=CC=C(C=C1)CCNC2=C(C=CC=N2)C(=O)NC3=CC=CC(=C3)C(F)(F)F,-2.1,-94.0261,14.1254
719277,CC1=CC(=CC=C1)NC2=NC(=NC3=CC=CC=C32)C4=CC=CC=C4,-2.1,-93.9619,8.9125
16017968,CC(C)NC(=O)C1=CC=C(C=C1)N2C3=C(CCCCC3)C=C2C4=CC=CC=C4,-2.1,-93.2629,12.5893
16015686,CC1=CC(=CC=C1)OCCSC2=NC3=C(S2)C=C(C=C3)NC(=O)C4=CC=CS4,-2.1,-93.0864,7.0795
3375513,C1=CC=C2C(=C1)C(=NC(=N2)SCC3=CC(=CC=C3)Cl)NC4=CC=C(C=C4)F,-2.1,-93.0752,8.9125
4640052,CN(C)CCNC=C(C(=O)NC1=C(C=C(C=C1)Cl)Cl)C(=O)NC2=C(C=C(C=C2)Cl)Cl,-2.1,-92.6818,10.0
720491,C1=CC(=CC=C1N=CC2=CC(=C(C=C2)O)O)O,-2.1,-92.5313,8.9125
4307177,COC1=CC(=CC(=C1)NC2=NC(=NC3=CC=CC=C32)SCC4=CC=CC=C4F)OC,-2.1,-92.3407,7.0795
5281952,CC[N+]1=C(SC2=CC=CC=C21)/C=C/C=C/C3=CC=C(C=C3)N(C)C.[O-]Cl(=O)(=O)=O,-2.1,-92.1216,6.3096
4561725,C1CN(CCN1C2=CC=CC=C2[N+](=O)[O-])C3=C(C(=O)C4=CC=CC=C4C3=O)Cl,-2.1,-92.0978,10.0
6710718,COC1=CC(=O)C(=CC1=O)C(=O)C2=CC=CC=C2,-2.1,-92.0726,10.0
16018000,COC1=C(C=C(C=C1)CCNC(=O)CN2C3=CC=CC=C3N4C=CC=C4C2=O)OC,-2.1,-91.7303,14.1254
16746621,CC(C)(C)OC(=O)[C@H](CC1=CC=CC=C1)NC(=O)C2=C(N=CN2)C(=O)NC3=CC=C(C=C3)Cl,-2.1,-91.4372,12.5893
5791769,CCC1=CC=C(C=C1)S(=O)(=O)/N=C\2/C=C(C(=O)C3=CC=CC=C32)SC4=NC=NN4,-2.1,-91.3385,11.2202
3941719,CC1=C(C=C(C=C1)NC(=S)NC2=CC=C(C=C2)C(C)C)S(=O)(=O)N3CCCCCC3,-2.1,-91.2748,12.5893
371271,CC1=C2C3=C(C4=C(C=C3)C(=O)C=CC4=O)N(C2=CC=C1)C,-2.1,-90.7959,8.9125
16022765,C1=CC=C(C=C1)C2=NOC(=N2)CN3C(=O)C4=CC=CC=C4N(C3=O)CC(=O)NC5=CC=CC(=C5)C(F)(F)F,-2.1,-90.6632,10.0
2305026,C1=CC(=CC(=C1)NC(=O)COCC(=O)NC2=CC=CC(=C2)C(F)(F)F)C(F)(F)F,-2.1,-90.618,11.2202
1249532,COC(=O)C1=C(C=CC(=C1)NC(=O)NC2=CC(=CC=C2)Cl)Cl,-2.1,-90.5055,7.9433
4620915,CC1CCCCN1S(=O)(=O)C2=CC=C(C=C2)C(=O)NC3=CC=CC=C3C4=NC5=CC=CC=C5N4,-2.1,-90.2819,14.1254
16682085,CC1(N(C2=C([N+]1=O)C=CC(=C2)[N+](=O)[O-])[O-])C.NO,-2.1,-89.1059,8.9125
9550285,CCC1=CC=CC=C1NS(=O)(=O)C2=CC3=C(C=C2)NC=C(C3=O)C(=O)NC4CCCC4,-2.1,-89.026,12.5893
2420986,CCOC1=CC=C(C=C1)N(C)S(=O)(=O)C2=CC(=C(C=C2)C)C(=O)OCC(=O)C3=CNC4=CC=CC=C43,-2.1,-88.9843,8.9125
16015379,CC1=CC(=CC(=C1)OCCSC2=NC3=C(S2)C=C(C=C3)NC(=O)C)C,-2.1,-88.9242,12.5893
1419478,C1=CC=C(C(=C1)OCC2=NN=C(S2)NC(=O)NC3=CC=C(C=C3)F)F,-2.1,-88.1618,14.1254
5348009,CCOC(=O)C1=C(N=C2N(C1C3=CC=CS3)C(=O)/C(=C/C4=CC(=CC=C4)O)/S2)C5=CC=CC=C5,-2.1,-88.0923,12.5893
1287415,CC(C)COC1=CC=C(C=C1)C2=NN(C=C2C(=O)NC3=NC=CS3)C4=CC=CC=C4,-2.1,-88.0141,14.1254
5176394,CCC1=C(C(=NC2=CC=CC=C2N1)NC(=O)NC3=CC(=C(C=C3)Cl)Cl)C(=O)OCC,-2.1,-88.0048,12.5893
2463081,CN(C1=CC(=C(C=C1OC)OC)Cl)S(=O)(=O)C2=CC=CC(=C2)C(=O)OCC(=O)C3=CNC4=CC=CC=C43,-2.1,-87.2517,12.5893
5019,CCCN1CCC2=C3C1CC4=C(C3=CC(=C2)O)C(=C(C=C4)O)O,-2.1,-87.2007,14.1254
3840152,CCSCCC1=NN=C(S1)NC(=O)NC2=CC=CC(=C2)C(F)(F)F,-2.1,-87.1595,11.2202
16022795,COC1=CC=C(C=C1)C2=NOC(=N2)CN3C(=O)C4=CC=CC=C4N(C3=O)CC(=O)NC5=CC=CC(=C5)C(F)(F)F,-2.1,-86.9231,11.2202
16033904,CC1=C(C=C(C=C1)N2C3=NC=NC(=C3C=N2)NC4=CC=CC(=C4)C(F)(F)F)C,-2.1,-86.5335,10.0
2859515,C1C(C(=O)N(C1=O)C2=CC(=C(C=C2)Cl)Cl)SC(=NC3=CC=CC=C3)NC4=CC=CC=C4,-2.1,-86.419,7.9433
4307181,COC1=CC(=CC(=C1)NC2=NC(=NC3=CC=CC=C32)SCC4=CC(=CC=C4)Cl)OC,-2.1,-86.2132,7.9433
16018004,CCOC(=O)C1=CC(=CC=C1)NC(=O)CN2C3=CC=CC=C3N4C=CC=C4C2=O,-2.1,-85.909,12.5893
2200341,CCOC1=CC=CC(=C1OCC2=CC=CC=C2Cl)CNC3=CC=C(C=C3)O,-2.1,-85.7551,11.2202
3384052,CC1=CC=CC=C1NS(=O)(=O)C2=CC3=C(C=C2)NC=C(C3=O)C(=O)NCCC4=CC=CC=C4,-2.1,-85.6018,11.2202
804241,C1=CC=C2C=C(C=CC2=C1)NC(=O)NC3=CC4=C(C=C3)SN=N4,-2.1,-85.4299,11.2202
220284,CC1=CC(=C(C=C1O)C2=C(C=C(C(=C2)O)C)O)O,-2.1,-85.3998,14.1254
379403,C1CCC2(CC1)N(C3=C([N+]2=O)C=CC(=C3)[N+](=O)[O-])[O-],-2.1,-85.31,11.2202
3375512,C1=CC=C2C(=C1)C(=NC(=N2)SCC3=CC=C(C=C3)Cl)NC4=CC=C(C=C4)F,-2.1,-85.2334,7.9433
5654285,CC1=C/C(=N\OS(=O)(=O)C2=CC=CC=C2)/C=CC1=O,-2.1,-85.2062,12.5893
1298252,CC1=CC=C(C=C1)S(=O)(=O)NC2=CC=C(C=C2)NC(=O)NC3=CC=CC(=C3)C(F)(F)F,-2.1,-85.1327,12.5893
16012875,CC1=CC2=C(C=C1)OC=C2CC(=O)NC3=CC(=C(C=C3)Cl)C(F)(F)F,-2.1,-85.0498,14.1254
5898,CN1CC(C2=CC(=O)C(=O)C=C21)O,-2.1,-84.8232,12.5893
15272053,CN1C2=CC=CC=C2[N+](=C1N=NC3=CC=C(C=C3)N4CCOCC4)C.C1=CC=C(C=C1)S(=O)(=O)[O-],-2.1,-84.4844,14.1254
15987506,CC(C)C1=CC2=C(C=C1)OC(=N2)C3=C(C=CC(=C3)NC(=O)C4=CC=CS4)Cl,-2.1,-84.246,12.5893
312601,CC1=CC=C(C=C1)SC2=C(C(=O)C3=CC=CC=C3C2=O)SC4=CC=C(C=C4)C,-2.1,-84.0052,14.1254
16015387,CC(=O)NC1=CC2=C(C=C1)N=C(S2)SCCOC3=CC=CC=C3Cl,-2.1,-83.8868,11.2202
902154,CC(=CCC1=C(C=CC(=C1O)C(=O)CC2=CC=CC=C2)O)C,-2.1,-83.7744,14.1254
854265,C1=CC2=C3C(=C1)C(=O)N(C(=O)C3=CC=C2)C4=CN=CC=C4,-2.1,-83.5953,12.5893
901348,C1=CC=C(C=C1)C2=NN=C3N2C4=CC=CC=C4NC3=O,-2.1,-83.5575,14.1254
3624,CC[N+]1=C2C=C(C=CC2=C3C=CC(=CC3=C1C4=CC=CC=C4)N)N,-2.1,-83.5062,11.2202
15989568,CC(C)C1=CC=C(C=C1)NS(=O)(=O)C2=CC3=C(C=C2)N=C(N3)C4=CC=CC=C4,-2.1,-83.2841,10.0
3783735,CC1=C(C=C(C=C1)NS(=O)(=O)C2=CC3=C(C=C2)N=C(N3)C4=CC=CC=C4)Cl,-2.1,-83.0819,10.0
135403802,C1C2=CC(=C(C=C2C3=C4C=CC(=O)C(=C4OCC31O)O)O)O,-2.1,-83.0015,7.9433
332219,C1=CC=C(C=C1)COC2=CC=C(C=C2)C=NC3=CC=C(C=C3)O,-2.1,-82.9907,12.5893
14710,CC[N+]1=C2C=C(C=CC2=C3C=CC(=CC3=C1C4=CC=CC=C4)N)N.[Br-],-2.1,-82.9138,8.9125
2368724,CS(=O)(=O)C1=CC2=[N+](ON=C2C(=C1)[N+](=O)[O-])[O-],-2.1,-82.7914,14.1254
6603137,C1CCCN(CC1)C2=CC=C(C=C2)N.Cl,-2.1,-82.7463,14.1254
16746620,CC1=CC(=CC=C1)NC(=O)C2=C(NC=N2)C(=O)N[C@@H](CC3=CC=CC=C3)C(=O)OCC4=CC=CC=C4,-2.1,-82.3459,11.2202
135403797,C1=CC2=CC(=C(C(=C2C(=O)C(=C1)O)O)O)O,-2.1,-82.3121,7.0795
1111667,CC1=NN(C2=C1C=C(S2)C(=O)NC3=CC(=CC=C3)Br)C4=CC=CC=C4,-2.1,-82.1015,7.9433
479503,CC(=CC[C@H](C1=CC(=O)C2=C(C=CC(=C2C1=O)O)O)O)C,-2.1,-82.04,12.5893
16015355,CC1=CC=CC=C1OCCSC2=NC3=C(S2)C=C(C=C3)NC(=O)C4=CC=CS4,-2.1,-81.9343,10.0
16745813,CCN1CCN(CC1)CC2=C(C=C(C=C2)NC(=O)C3=CC(=CC(=C3)OC)NC(=O)C(=O)C4=CNC5=CC=CC=C54)C(F)(F)F,-2.1,-81.8858,14.1254
6799675,CC1=CC(=C(C=C1C)S(=O)(=O)/N=C\2/C=C(C(=O)C3=CC=CC=C32)SCC(=O)O)C,-2.1,-81.6314,10.0
708043,CC1=C(SC=C1)C=NC2=CC=C(C=C2)O,-2.1,-81.4485,11.2202
992588,CCC1=CC=C(C=C1)S(=O)(=O)NC2=CC(=C(C3=CC=CC=C32)O)SCC(=O)O,-2.1,-81.3494,8.9125
9689230,C1=CC=C(C=C1)N2C=C(C(=N2)C3=CC4=CC=CC=C4O3)/C=N/NC(=O)C5=CNC6=CC=CC=C65,-2.1,-81.2864,14.1254
2385262,C1=CC=C(C=C1)CN(C2=CC=C(C=C2)Cl)S(=O)(=O)C3=C(C=CC(=C3)C(=O)OCC(=O)NC(=O)N)Cl,-2.1,-81.2779,11.2202
16010129,C1=CC=C2C(=C1)C(=O)N(C3=C(S2(=O)=O)C=CC(=C3)C(=O)NC4=CC=CC(=C4)C#N)CC5=CC(=CC=C5)Cl,-2.1,-81.2775,12.5893
16746616,CC1=CC(=CC=C1)NC(=O)C2=C(NC=N2)C(=O)N[C@@H](CC3=CC=CC=C3)C(=O)OC(C)(C)C,-2.1,-80.9207,8.9125
3293421,C1=CC(=CC(=C1)NC(=O)NCCNC(=O)C2=C(C=CC(=C2)OCC(F)(F)F)OCC(F)(F)F)C(F)(F)F,-2.1,-80.8898,10.0
3241453,CCCNC(=O)C1=CNC2=C(C1=O)C=C(C=C2)S(=O)(=O)N(C)C3=CC=C(C=C3)OCC,-2.1,-80.6327,14.1254
2186090,CCCCN(CCCC)S(=O)(=O)C1=CC=C(C=C1)NC(=O)C2=CC=CS2,-2.1,-80.5024,14.1254
2389705,C1=CC=C2C(=C1)NC(=N2)SCC(=O)NC3=NC(=CS3)C4=CC(=CC=C4)Br,-2.1,-80.4897,14.1254
282274,C1=CC(=CC(=C1)Cl)NC(=O)C2=C(C=CC(=C2)N=NC3=C(C=C(C=C3)[N+](=O)[O-])Cl)O,-2.1,-80.4852,8.9125
16024790,CC1CCN(CC1)S(=O)(=O)C2=CC3=C(C=C2)N=C(C=C3)NC4=CC(=CC=C4)F,-2.1,-80.4646,12.5893
5358773,CCOC(=O)/C=C(\C)/SC1=C(C2=CC=CC=C2C(=C1)O)O,-2.1,-80.3608,4.4668
5578857,C1=CC(=C(C(=O)C2=C1C(=C(C(=C2O)O)O)Br)O)Br,-2.1,-80.3079,10.0
659872,CC1=CC(=NC(=N1)C2=CC=CC=C2O)NC3=CC(=CC=C3)F,-2.1,-80.2679,11.2202
135460539,C1COCCN1S(=O)(=O)C2=C(C=CC(=C2)[N+](=O)[O-])N/N=C/C3=C(C(=C(C=C3)O)O)O,-2.1,-80.2365,10.0
5098884,COC(=O)C1=CC(=O)C(=C2C(=C1)C=CC(=C2O)O)O,-2.1,-80.1121,7.9433
2338527,C1COCCN1S(=O)(=O)C2=CC3=C(C=C2)N=C(C(=N3)C4=CC=CO4)C5=CC=CO5,-2.1,-80.032,8.9125
