PUBCHEM_RESULT_TAG,PUBCHEM_SID,PUBCHEM_CID,PUBCHEM_EXT_DATASOURCE_SMILES,Excluded_Points,Activity at 0.049 uM,Activity at 0.111 uM,Activity at 0.223 uM,Activity at 0.389 uM,Activity at 0.446 uM,Activity at 0.890 uM,Activity at 1.786 uM,Activity at 3.090 uM,Activity at 3.571 uM,Activity at 6.310 uM,Activity at 7.147 uM,Activity at 14.27 uM,Activity at 28.53 uM,Activity at 57.14 uM,Activity at 100.00 uM,Compound QC
RESULT_TYPE,,,,STRING,FLOAT,FLOAT,FLOAT,FLOAT,FLOAT,FLOAT,FLOAT,FLOAT,FLOAT,FLOAT,FLOAT,FLOAT,FLOAT,FLOAT,FLOAT,STRING
RESULT_DESCR,,,,"Which dose-response titration points were excluded from analysis based on outlier analysis. Each number represents whether a titration point was (1) or was not (0) excluded, for the titration series going from smallest to highest compound concentrations.",% Activity at given concentration.,% Activity at given concentration.,% Activity at given concentration.,% Activity at given concentration.,% Activity at given concentration.,% Activity at given concentration.,% Activity at given concentration.,% Activity at given concentration.,% Activity at given concentration.,% Activity at given concentration.,% Activity at given concentration.,% Activity at given concentration.,% Activity at given concentration.,% Activity at given concentration.,% Activity at given concentration.,"NCGC designation for data stage: 'qHTS', 'qHTS Verification', 'Secondary Profiling'"
RESULT_UNIT,,,,,PERCENT,PERCENT,PERCENT,PERCENT,PERCENT,PERCENT,PERCENT,PERCENT,PERCENT,PERCENT,PERCENT,PERCENT,PERCENT,PERCENT,PERCENT,
RESULT_IS_ACTIVE_CONCENTRATION,,,,,,,,,,,,,,,,,,,,
RESULT_ATTR_CONC_MICROMOL,,,,,0.0489779,0.111276,0.22311,0.389045,0.446286,0.890138,1.78588,3.0903,3.57143,6.30957,7.14716,14.2677,28.5347,57.1429,100,
1,16953865.0,4094710.0,CCN(CC)S(=O)(=O)C1=CC=CC(=C1)NC(=O)NC2=CC=CC(=C2)C(F)(F)F,0 0 0 0 0 0 0 0 0 0,,-12.6783,-13.4707,,-19.8098,-33.2805,-43.5816,,-60.2219,,-83.2013,-93.5024,-92.71,-103.645,,QC'd by DPISMR
2,14733544.0,2301472.0,C1=COC(=C1)C2=NC3=C(C=C(C=C3)NC(=O)NCCCO)N=C2C4=CC=CO4,0 0 0 0 0 0 0 0 0 0 0 0 0 0 0 0 0 0 0 0 0 0 0 0,-4.35,-5.35,-6.6,-6.6,,-6.6,-7.35,-14.45,,-31.85,-47.9,-51.05,-61.5,,-73.4,QC'd by DPISMR
3,57288397.0,9795907.0,C1=CC=C(C=C1)N2C(=O)C3=C(SC=C3C(=N2)C(=O)O)N,0 0 0 0 0 0 0 0 0 0,,-5.3505,-4.2804,,-4.8154,-6.9556,-5.8855,,-16.5864,,-36.9181,-52.4345,-58.855,-60.4601,,QC'd by NCGCChem
4,3716752.0,2338527.0,C1COCCN1S(=O)(=O)C2=CC3=C(C=C2)N=C(C(=N3)C4=CC=CO4)C5=CC=CO5,0 0 0 0 0 0 0 0 0 0 0 0 0 0 0 0 0 0 0 0 0 0 0 0,-6.85,-2.6,-6.1,-4.85,,-3.35,-7.6,-13.35,,-27.35,-38.35,-43.35,-52.6,,-60.75,QC'd by DPISMR
5,7973036.0,5310645.0,CC1=CC2=C(C=CC=C2N=N1)N,0 0 0 0 0 0 0 0 0 0 0 0 0 0 0 0 0 0 0 0 0 0 0 0,-2.95,-3.1,-2.75,-3.15,,-3.85,-3.85,-4.55,,-8.9,-21.95,-13.8,-32.1,,-66.95,QC'd by DPISMR
6,24272907.0,2790671.0,CC1=CC(=CC=C1)OCCCC(=O)NC2=C(C3=C(S2)CCC3C(=O)OC)C(=O)OC,1 0 0 0 0 0 0 0 0 0,,-14.4,-3.2,,-7.2,-16.8,-24,,-37.6,,-42.4,-44,-43.2,-44,,QC'd by Sytravon
7,24272199.0,3119666.0,C1CCC2=C(C1)C(=C(S2)NC(=O)CC3=CC=CC=C3)C(=O)NC4=CC=C(C=C4)Cl,0 0 0 0 0 0 0 0 0 0,,-1.5848,-8.7163,,-11.8859,-14.2631,-33.2805,,-30.1109,,-34.8653,-33.2805,-33.2805,-32.4881,,QC'd by Sytravon
8,57288386.0,9839953.0,COC1=CC=C(C=C1)N2C(=O)C3=C(SC=C3C(=N2)C(=O)O)N,0 0 0 0 0 0 0 0 0 0,,-5.5644,-2.3847,,-9.539,-15.1033,-26.2321,,-23.8474,,-35.7711,-28.6169,-34.9762,-38.9507,,QC'd by NCGCChem
9,14746374.0,135500895.0,C1=CC(=C(C=C1Cl)[N+](=O)[O-])C2=CC=C(O2)/C=N/N=C/3\NC(=O)C(S3)CC(=O)O,0 0 0 0 0 0 0 0 0 0 0 0 0 0 0 0 0 0 0 0 0 0 0 0,-7.1,-6.6,-7.1,-6.85,,-12.85,-22.6,-30.35,,-36.35,-37.1,-39.35,-40.35,,-36.85,QC'd by DPISMR
10,57288398.0,25181377.0,C1=CC=C(C=C1)N2C(=O)C3=C(SC=C3C(=N2)C(=O)N)N,0 0 0 0 0 0 0 0 0 0,,-0.5411,1.6234,,2.1645,-2.7056,-8.1169,,-24.8918,,-34.632,-44.3723,-51.9481,-59.5238,,QC'd by NCGCChem
11,24416017.0,3364516.0,CC1=C(SC=C1)CNC2=C(C3=C(S2)CCCC3)C(=O)NC4=C(C=CC(=C4)Cl)OC,0 0 0 0 0 0 0 0 0 0,,0.7949,1.5898,,1.5898,-7.9491,-21.4626,,-27.8219,,-27.027,-31.0016,-31.7965,-34.9762,,QC'd by Sytravon
12,57288389.0,686852.0,CCOC(=O)C1=NN(C(=O)C2=C(SC=C21)N)C3=CC=C(C=C3)F,0 0 0 0 0 0 0 0 0 0,,0.5294,2.6469,,4.235,2.6469,-4.7644,,-15.8814,,-29.6453,-33.8804,-36.5273,-35.9979,,QC'd by Chembridge
13,57288405.0,25181383.0,C1=CC=C(C=C1)N2C(=O)C3=C(SC=C3C(=N2)N)N,0 0 0 0 0 0 0 0 0 0,,2.1175,5.2938,,3.1763,3.7057,0,,-19.0577,,-30.1747,-37.0566,-44.468,-52.4087,,QC'd by NCGCChem
14,57288379.0,753455.0,CCOC(=O)C1=NN(C(=O)C2=C(SC=C21)N)C3=CC=C(C=C3)Cl,0 0 0 0 0 0 0 0 0 0,,0.535,2.1402,,3.7453,0,1.6051,,-16.5864,,-25.6822,-28.8925,-32.6378,-35.848,,QC'd by Asinex
15,57288394.0,25181376.0,C1=CC=C(C=C1)N2C(=O)C3=C(SC=C3C(=N2)CO)N,0 0 0 0 0 0 0 0 0 0,,-2.6752,0,,-2.6752,-3.7453,-8.5607,,-27.8224,,-36.3831,-42.2686,-51.3644,-57.7849,,QC'd by NCGCChem
16,57288362.0,647821.0,CCOC(=O)C1=NN(C(=O)C2=C(SC=C21)N)C3=CC=CC=C3,0 0 0 0 0 0 0 0 0 0,,-8.0257,-5.8855,,-4.2804,-4.8154,-6.9556,,-26.7523,,-38.5233,-41.7335,-41.7335,-40.1284,,QC'd by NCGCChem
17,24272856.0,2790634.0,CC1=CC=C(C=C1)OCCCC(=O)NC2=C(C3=C(S2)CCC3C(=O)OC)C(=O)OC,0 0 0 0 0 0 0 0 0 0,,-9.0909,-9.9174,,-8.2645,-10.7438,-14.876,,-18.1818,,-40.4959,-38.843,-38.0165,-35.5372,,QC'd by Sytravon
18,57288376.0,25181368.0,C1=CC=C(C=C1)C2=CNC(=O)C(=C2)N,0 0 0 0 0 0 0 0 0 0,,0,-1.0701,,-1.6051,-8.0257,-9.6308,,-16.5864,,-29.4275,-37.9882,-44.9438,-50.8293,,QC'd by NCGCChem
19,24272519.0,3653881.0,C1CCC2=C(C1)C(=C(S2)NC(=O)C3=CC=CS3)C(=O)NC4=CC(=CC=C4)Cl,0 0 0 0 0 0 0 0 0 0,,-11.8859,-7.9239,,-5.5468,-8.7163,-14.2631,,-22.187,,-30.1109,-33.2805,-34.0729,-43.5816,,QC'd by Sytravon
20,26658061.0,2939678.0,C1=CC=C2C(=C1)C(=CC(=C2O)SCC(=O)O)NS(=O)(=O)C3=CC=CC(=C3)[N+](=O)[O-],0 0 0 0 0 0 0 0 0 0 0 0 0 0 0 0 0 0 0 0 0 0 0 0,-2.25,-2.05,-3.85,-5.7,,-10.9,-14.35,-19.25,,-29.2,-32.45,-33.15,-35.35,,-39.7,QC'd by null
21,16952410.0,1589731.0,COC1=CC=C(C=C1)S(=O)(=O)NC2=CC(=C(C3=CC=CC=C32)O)SC4=NC=NN4,0 0 0 0 0 0 0 0 0 0,,0.8071,2.4213,,1.6142,-1.6142,-8.071,,-9.6852,,-27.4415,-48.4262,-51.6546,-49.2333,,QC'd by DPISMR
22,57288364.0,719449.0,CCOC(=O)C1=NN(C(=O)C2=C(SC=C21)N)C3=CC=C(C=C3)OC,0 0 0 0 0 0 0 0 0 0,,0,1.6234,,-1.6234,-2.1645,-7.5758,,-25.974,,-35.1732,-38.961,-38.961,-40.0433,,QC'd by Chembridge
23,57288365.0,719449.0,CCOC(=O)C1=NN(C(=O)C2=C(SC=C21)N)C3=CC=C(C=C3)OC,0 0 0 0 0 0 0 0 0 0,,1.6051,2.1402,,1.0701,0,-2.6752,,-24.077,,-32.6378,-35.848,-36.3831,-42.2686,,QC'd by NCGCChem
24,845471.0,647821.0,CCOC(=O)C1=NN(C(=O)C2=C(SC=C21)N)C3=CC=CC=C3,0 0 0 0 0 0 0 0 0 0 0 0 0 0 0 0 0 0 0 0 1 1 0 0,-1.05,-5.1,-6.1,-7.1,,-7.85,-8.85,-14.45,,-22.8,-27.3,-28.3,-10.95,,-45.25,QC'd by DPISMR
25,4255295.0,829764.0,CCN(CC)C1=CC2=C(C=C1)OC(=O)C(=N2)C,0 0 0 0 0 0 0 0 0 0 0 0 0 0 0 0 0 0 0 0 0 0 0 0,-6.35,-1.8,-7.1,-6.85,,-5.9,-7.15,-7.85,,-16.95,-26.8,-30.05,-46.25,,-60.05,QC'd by DPISMR
26,3716574.0,2999671.0,CCN1C2=C(C=C(C=C2)C(=O)O)N=C1CSC3=NC=CN3C,0 0 0 0 0 0 0 0 0 0 0 0 0 0 0 0 0 0 0 0 0 0 0 0,-1.6,-4.1,-5.35,-5.1,,-2.1,-7.6,-5.6,,-6.35,-10.85,-10.6,-16.35,,-44.6,QC'd by DPISMR
27,24833180.0,2118097.0,C1CCC(=NCC1)NS(=O)(=O)C2=CC3=C(C=C2)SC(=N3)N,0 0 0 0 0 0 0 0 0 0 0 0 0 0 0 0 0 0 0 0 0 0 0 0,-5.6,-4.6,-4.1,-5.1,,-4.1,-2.6,-7.6,,-10.6,-15.1,-17.35,-27.1,,-37.35,QC'd by null
28,26750001.0,3698.0,C1=CN=CC=C1C2=CNC(=O)C(=C2)N,0 0 0 0 0 0 0 0 0 0 0 0 0 0 0 0 0 0 0 0 0 0 0 0,-1.4,0.5,-0.85,-1.45,,-1.15,1.35,-2.7,,-8.35,-12.6,-25.45,-29.7,,-32.4,QC'd by Microsource
29,24272541.0,1350609.0,CC1=CC(=CC=C1)NC(=O)C2=C(SC3=C2CCCC3)NC(=O)C4=CC=CC=C4,0 0 0 0 0 0 0 0 0 0,,-10.3339,-7.9491,,-7.1542,-5.5644,-7.1542,,-7.9491,,-13.5135,-32.5914,-36.566,-38.9507,,QC'd by Sytravon
30,14742238.0,943158.0,CC1=CC(=CC=C1)NCC2=CC3=C(C=CC(=C3)OC)NC2=O,0 0 0 0 0 0 0 0 0 0 0 0 0 0 0 0 0 0 0 0 0 0 0 0,-6.85,-4.25,-6.1,-5.25,,-5.85,-6.6,-7.4,,-15.55,-32.15,-33.25,-37.7,,-40.9,QC'd by DPISMR
31,24834511.0,2557762.0,CCOC(=O)C1=CC=C(C=C1)S(=O)(=O)NC2=NC3=C(S2)C=CC(=C3)S(=O)(=O)NC4=NCCCCC4,0 0 0 0 0 0 0 0 0 0 0 0 0 0 0 0 0 0 0 0 0 0 0 0,-7.35,-10.45,-9.4,-10.2,,-9.15,-11.45,-12.2,,-17.75,-25.3,-27.3,-31.9,,-42.25,QC'd by Enamine
32,57288371.0,439260.0,C1=CC(=C(C=C1[C@H](CN)O)O)O,0 0 0 0 0 0 0 0 0 0 0 0 0 0 0 0 0 0 0 0 0 0 0 0,-1.8,-2.9,-3.3,-2.9,,-3.9,-5.2,-7.65,,-17.15,-20.9,-27.35,-30.15,,-31.9,QC'd by NCGCChem
33,57288400.0,25181379.0,C1COCCN1C(=O)C2=NN(C(=O)C3=C(SC=C32)N)C4=CC=CC=C4,0 0 0 0 0 0 0 0 0 0,,-0.535,-2.1402,,-2.1402,-1.6051,-0.535,,-4.2804,,-20.8668,-31.0326,-40.6635,-46.549,,QC'd by NCGCChem
34,17410881.0,3711253.0,CC1=CC=C(C=C1)C(=O)NC2=NC(=O)N(S2)C(=O)C3CC3,0 0 0 0 0 0 0 0 0 0 0 0 0 0 0 0 0 0 0 0 0 0 0 0,-9.7,-8.4,-10.2,-10.45,,-7.6,-8.15,-14.95,,-17.7,-24.05,-28.55,-30.6,,-29.35,QC'd by DPISMR
35,57288374.0,25181366.0,CN(C)C1=CC=C(C=C1)C2=C(C(=O)NC=C2)N,0 0 0 0 0 0 0 0 0 0,,-4.8,-2.4,,-6.4,-8.8,-15.2,,-19.2,,-24,-32,-42.4,-53.6,,QC'd by NCGCChem
36,24798198.0,992588.0,CCC1=CC=C(C=C1)S(=O)(=O)NC2=CC(=C(C3=CC=CC=C32)O)SCC(=O)O,0 0 0 0 0 0 0 0 0 0 0 0 0 0 0 0 0 0 0 0 0 0 0 0,-2.35,-5.6,-5.6,-5.85,,-4.85,-8.6,-9.35,,-16.1,-26.1,-32.85,-41.1,,-46.85,QC'd by ChemBridge
37,14746342.0,135470621.0,C1=CC=C(C(=C1)C2=CC=C(O2)/C=N/N=C/3\NC(=O)C(S3)CC(=O)O)[N+](=O)[O-],0 0 0 0 0 0 0 0 0 0 0 0 0 0 0 0 0 0 0 0 0 0 0 0,-2.1,-6.85,-0.5,-1.85,,-3.45,-4.5,-10.3,,-15,-21.1,-23.75,-27.15,,-32.45,QC'd by DPISMR
38,850961.0,2877277.0,CC1=C(SC(=N1)NC(=O)C)C2=CSC(=N2)NC3=CC=C(C=C3)O.Br,0 0 0 0 0 0 0 0 0 0 0 0 0 0 0 0 0 0 0 0 0 0 0 1,-7.6,-4.35,-8.1,-6.6,,-4.85,-6.1,-6.6,,-7.6,-9.35,-8.85,-14.6,,-38.2,QC'd by DPISMR
39,57288399.0,25181378.0,C1=CC=C(C=C1)CNC(=O)C2=NN(C(=O)C3=C(SC=C32)N)C4=CC=CC=C4,0 0 0 0 0 0 0 0 0 0,,-1.6051,-2.1402,,-2.6752,-4.8154,-2.6752,,-4.8154,,-22.4719,-31.5677,-33.1728,-34.2429,,QC'd by NCGCChem
40,14728035.0,903329.0,CN1C(=C(C=N1)Cl)C(=O)NC2=CC(=CC=C2)Cl,0 0 0 0 0 0 0 0 0 0 0 0 0 0 0 0 0 0 0 0 0 0 0 0,-7.35,-6.35,-6.1,-5.85,,-5.6,-5.1,-5.1,,-5.1,-7.6,-8.1,-14.35,,-30.85,QC'd by Specs
41,17512924.0,135517108.0,CC(C)CN1C(=C(SC1=S)/C=C/2\C=NN=C2C3=CC=CC=C3)O,0 0 0 0 0 0 0 0 0 0 1 1 0 1 1 0 0 0 0 0 0 0 0 0,-2.75,-0.95,-1.1,-1.85,,-6,-8.55,-10.9,,-16.35,-19.05,-16.35,-15.95,,-17.1,QC'd by InterBioScreen
42,57288380.0,2247401.0,COC1=CC=CC(=C1)/C=C/2\C(=O)N(C(=S)S2)CC(=O)NC3=NC=CS3,0 0 0 0 0 0 0 0 0 0,,0.8071,-3.2284,,2.4213,-3.2284,-8.8781,,-11.2994,,-4.8426,-18.5634,-16.1421,-31.477,,QC'd by Innovapharm
43,57288367.0,11957514.0,CC([C@@H](C1=CC(=C(C=C1)O)O)O)N,0 0 0 0 0 0 0 0 0 0 0 0 0 0 0 0 0 0 0 0 0 0 0 0,0.45,0.25,0.1,0.85,,-1.6,-2.75,-4.05,,-9.7,-13.7,-19,-23.95,,-28.3,QC'd by NCGCChem
44,24270064.0,15989600.0,COC1=C(C=C(C=C1)NC(=O)CN2C=C(C3=CC=CC=C3C2=O)S(=O)(=O)N4CCN(CC4)C5=CC=CC=C5F)Cl,0 0 0 0 0 1 0 0 1 0 1 0 0 0 0 0 0 0 0 0 0 0 0 0,-5.65,-4.7,-8.2,-6,,-8.55,-8.75,-8.95,,-8.95,-9.3,-10.8,-11.35,,-15.15,QC'd by Sytravon
45,24395281.0,16017377.0,CN(C1=CC=CC=C1)S(=O)(=O)C2=NN=C(S2)NC(=O)C3CCCCC3,0 0 0 0 0 0 0 0 0 0 0 0 0 0 0 0 0 0 0 0 0 0 0 0,-1.1,-1.3,-1.5,-1.1,,-0.55,-0.95,-2.05,,-4.55,-6.75,-8.05,-18.75,,-30.5,QC'd by Sytravon
46,26661534.0,2384301.0,CC1=CC=C(C=C1)S(=O)(=O)N(C)C2=NC3=CC=CC=C3NC2=S,0 0 0 0 0 0 0 0 0 0 0 0 0 0 0 0 0 0 0 0 0 0 0 0,-6.35,-7.6,-8.9,-10.95,,-10.9,-12.95,-11.45,,-11.45,-14.95,-12.7,-15.45,,-23.55,QC'd by null
47,17431974.0,970535.0,C1=CC(=CC(=C1)[N+](=O)[O-])NC(=O)NC2=CC=C(C=C2)OC(F)(F)F,0 0 0 0 0 0 0 0 0 0 0 0 0 0 0 0 1 0 0 0 0 0 0 1,-1.4,-3.6,-2.5,-3.35,,-4.15,-4.9,-5.5,,-14.4,-28.5,-12,-19,,-25.3,QC'd by ChemBridge
48,4259887.0,719449.0,CCOC(=O)C1=NN(C(=O)C2=C(SC=C21)N)C3=CC=C(C=C3)OC,0 0 0 0 0 0 0 0 0 0 0 0 0 0 0 0 0 0 0 0 0 0 0 0,-9.65,-10.45,-9.4,-7.6,,-8.9,-9.4,-13.95,,-16.7,-20,-18.95,-25.8,,-42.5,QC'd by DPISMR
49,57288387.0,25181372.0,CCN(CC)C(=O)C1=NN(C(=O)C2=C(SC=C21)N)C3=CC=C(C=C3)OC,0 0 0 0 0 0 1 0 0 0,,5.6497,0.8071,,1.6142,5.6497,0,,-7.2639,,-15.3349,0,-12.1065,-39.548,,QC'd by NCGCChem
50,22411474.0,2488340.0,CN(C1=CC=C(C=C1)O)C(=S)NC2=CN=CC=C2,0 0 0 0 0 0 0 0 0 0 0 0 0 0 0 0 0 0 0 0 0 0 0 0,-5.35,-7.35,-8.85,-5.85,,-7.35,-10.1,-12.85,,-18.85,-18.1,-24.1,-26.85,,-28.85,QC'd by Enamine
51,26658460.0,939236.0,COC1=CC2=C(C=C1)NC(=O)C(=C2)CNC3=CC=CC=C3OC,1 0 0 0 0 0 0 0 0 0 0 0 0 0 0 0 0 0 0 0 0 0 0 0,3.45,-3.3,-6,-3,,-1.95,-1.7,-2.2,,-3.05,-11.75,-2.5,-25,,-35.8,QC'd by null
52,24832264.0,135491645.0,C1COCCN1S(=O)(=O)C2=CC=C(C=C2)N=C3NN=C(CS3)C4=C(C=CC(=C4)F)F,0 0 0 0 0 0 0 0 0 0 0 0 0 0 0 0 0 0 0 0 0 0 0 0,-6.6,-3.4,-6.85,-6.85,,-3.95,-9.5,-11.35,,-16.6,-23.45,-22.15,-23.75,,-23.45,QC'd by Enamine
53,57288395.0,2814251.0,CCOC(=O)C1=NN(C(=O)C2=C(SC=C21)NC(=O)C)C3=CC=CC=C3,0 0 0 0 0 0 0 1 0 1,,-4.7644,-1.5881,,-1.5881,-3.7057,-4.235,,-2.6469,,-6.8819,-3.1763,-54.5262,-14.2933,,QC'd by NCGCChem
54,14718768.0,841172.0,CCN1C(=CC=N1)C(=O)NC2=CC(=CC(=C2)Cl)Cl,0 0 0 0 0 0 0 0 0 0 0 0 0 0 0 0 0 0 0 0 0 0 0 0,-4.9,-5.1,-4.75,-5.3,,-4.75,-5.3,-5.15,,-4.75,-4.4,-5.1,-8.4,,-17.4,QC'd by Specs
55,22410419.0,135401250.0,CN(C)S(=O)(=O)C1=CC=CC(=C1)N=C2NN=C(CS2)C3=CC=CC=C3,1 0 0 0 0 0 0 0 0 0 0 0 0 0 1 1 1 0 0 0 0 0 0 0,-6.85,-4.45,-4.25,-7.4,,-4.75,-3.4,-7.1,,-2.4,-15.6,-12.4,-15.55,,-17.95,QC'd by Enamine
56,26663259.0,3976167.0,CC1=CC=C(C=C1)N2C(=O)C(SC2=O)CC3=CC=CC=C3,0 0 0 0 0 0 0 0 0 0 0 0 0 0 0 0 0 0 0 0 0 0 0 1,-1.85,-2.35,-2.85,-4.1,,-3.35,-4.1,-3.35,,-4.85,-6.1,-6.6,-8.85,,-15.35,QC'd by null
57,22412167.0,736077.0,CC1=C2C(=C(S1)N)C(=O)N(N=C2C(=O)OC)C3=CC=C(C=C3)OC,0 0 0 0 0 0 0 0 0 0 0 0 0 0 0 0 0 0 0 0 0 0 0 0,-7.85,-9.9,-8.9,-8.6,,-7.1,-6.85,-6.85,,-6.85,-8.15,-7.1,-10.45,,-23.05,QC'd by Specs
58,24401619.0,16023227.0,C1COC2=C(O1)C=C3C=C(C(=O)N(C3=C2)CC(=O)NC4=CC=CC=C4Cl)CNC5=CC=CC=C5,0 0 0 0 0 0 0 0 0 0 0 0 0 0 0 0 0 0 0 0 0 0 0 0,-0.75,-1.3,-3.25,-2.2,,-3.8,-5.1,-5.3,,-6.55,-9.1,-8.05,-11.85,,-24.1,QC'd by Sytravon
59,24803205.0,890662.0,C1=CC=C(C(=C1)CNC2=CC=CC3=C2N=CC=C3)O,0 0 0 0 0 0 0 0 0 0 0 0 0 0 0 0 0 0 0 0 0 0 0 0,-3.3,-4.95,-3.5,-3.5,,-3.45,-2.8,-3.45,,-4.95,-8,-7.5,-12.9,,-28.1,QC'd by Asinex Ltd.
60,26728021.0,6409922.0,CC1=CC2=C(C=CC=C2NC(=O)NC3=CC=CC=C3)N=N1,0 0 0 0 0 0 0 0 0 0 0 0 0 0 0 0 0 0 0 0 0 0 0 0,-7.6,-8.1,-10.1,-5.85,,-7.35,-7.85,-5.85,,-7.6,-7.1,-8.35,-11.85,,-17.85,QC'd by null
61,24835095.0,135482423.0,CC1=CC=C(C=C1)C2=NNC(=NC3=CC=C(C=C3)F)SC2,0 0 0 0 0 0 0 0 0 0 0 0 0 0 0 0 0 0 0 0 0 0 0 0,-9.15,-10.45,-8.4,-9.15,,-6.35,-8.35,-6.6,,-8.15,-10.2,-10.45,-11.7,,-16.7,QC'd by Enamine
62,17410825.0,3614254.0,CC1=CC=C(C=C1)C(=O)NC2=NC(=O)N(S2)C(=O)CC(C)C,0 0 0 0 0 0 0 0 0 0 0 0 0 0 1 0 0 0 0 0 0 0 1 1,-3.4,-0.55,-4.2,-4.2,,-3.4,-8.45,-8.15,,-6.85,-17.95,-18.75,-15.05,,-11.85,QC'd by DPISMR
63,24272882.0,2790650.0,CC(C)(C)C1=CC=C(C=C1)OCCCC(=O)NC2=C(C3=C(S2)CCC3C(=O)OC)C(=O)OC,0 0 0 0 0 0 0 0 1 0 0 0 0 0 0 0 0 0 0 0 0 0 0 0,-2.6,-3.3,-2.4,-2.95,,-12.2,-3.5,-2.95,,-3.65,-4.75,-4.75,-5.65,,-14.9,QC'd by Sytravon
64,17432888.0,1557889.0,C/C(=C\C1=CC=CC=C1)/C=C\2/C(=O)N(C(=S)S2)NC(=O)C3=CC(=CC=C3)O,0 0 0 0 0 0 0 0 0 0 0 0 0 0 0 0 0 0 0 0 0 0 0 0,-3.6,-2.85,-3.85,-2.6,,-2.85,-6.6,-7.35,,-11.85,-16.35,-13.6,-25.6,,-35.1,QC'd by ChemBridge
65,4261587.0,753627.0,COC1=CC=CC(=C1O)CNC2=CC=CC3=C2N=CC=C3,0 0 0 0 0 0 0 0 0 0 0 0 0 0 0 0 0 0 0 0 0 1 0 0,-2.1,-0.25,-1.6,-1.55,,-2.1,-2.35,-4.25,,-3.95,-4.2,-6.85,-12.15,,-17.45,QC'd by DPISMR
66,14746375.0,135512424.0,CC1=CC(=C(C=C1)C2=CC=C(O2)/C=N/N=C\3/NC(=O)C(S3)CC(=O)O)[N+](=O)[O-],0 0 0 0 0 0 0 0 0 0 0 0 0 0 0 0 0 0 0 0 0 0 0 0,-5.35,-5.1,-4.85,-5.1,,-6.35,-5.1,-8.35,,-7.35,-11.95,-10.45,-12.95,,-26.8,QC'd by DPISMR
67,24276604.0,1598875.0,COC(=O)C1=CC=CC=C1NC(=O)CSC2=NC3=C(C4=C(S3)CCCC4)C(=O)N2,0 0 0 0 0 0 0 0 0 0 0 0 0 0 0 0 0 0 0 0 0 0 0 0,-3.3,-2.2,0.5,-1.5,,-0.8,-1.85,-2.2,,-2.75,-6.4,-4.75,-5.3,,-20.5,QC'd by Sytravon
68,14744244.0,4876538.0,CC(C)C(C)NC(=O)CSC1=NC2=C(C(=CS2)C3=CC=CO3)C(=O)N1C4=CC=CC=C4,0 0 0 0 0 0 0 0 0 0 0 0 0 0 0 0 0 0 0 0 0 0 0 0,-3.85,-5.1,-8.6,-9.1,,-7.85,-6.6,-10.35,,-8.85,-11.35,-12.1,-18.35,,-46.85,QC'd by DPISMR
69,22403818.0,1321754.0,CN(C)C1=CC=C(C=C1)N2C(=O)CSC2=S,1 0 0 0 0 0 0 0 0 0 0 0 0 0 0 0 0 0 0 0 0 0 0 0,-7.4,-6.85,-6.05,-3.65,,-6.05,-4.5,-5.85,,-5.55,-11.3,-10.55,-15.3,,-13.7,QC'd by ChemBridge
70,57288372.0,25181364.0,C1=CNC(=O)C(=C1C2=CC=NC=C2)N,0 0 0 0 0 0 0 0 0 0 0 0 0 0 0 0 0 0 0 0 0 0 0 0,-5.2,-6.15,-6.15,-5.95,,-5.55,-4.6,-6.5,,-6.9,-8.8,-9.55,-11.45,,-18.65,QC'd by NCGCChem
71,17388235.0,2902308.0,CC1=C(SC(=N1)NC(=O)C)C2=CSC(=N2)NC3=CC(=CC=C3)[N+](=O)[O-],0 0 0 0 0 0 0 0 0 0 0 0 0 0 0 0 0 0 0 0 0 0 0 0,-2.6,-2.75,-1.85,-2.05,,-0.95,-2.2,-2.05,,-2.2,-3.45,-0.95,-3.65,,-21.75,QC'd by DPISMR
72,17413594.0,2976659.0,C1COCCN1C2=C(C=C(C=C2)C(=O)NC3=CC=C(C=C3)C4=NC5=CC=CC=C5O4)[N+](=O)[O-],0 0 0 0 0 0 0 0 0 1,,-7.9239,-14.2631,,-10.3011,-25.3566,-27.7338,,-34.0729,,-40.412,-28.5261,-22.9794,-19.8098,,QC'd by DPISMR
73,14746106.0,2877257.0,CC1=C(SC(=N1)NC(=O)C)C2=CSC(=N2)NC3=CC=C(C=C3)OC.Br,0 0 0 0 0 0 1 0 0 0 0 0 0 0 0 0 0 0 0 0 1 0 0 0,-2.5,2.9,-1.7,-13.9,,0.75,-2,2.4,,-5.2,-8.2,-10.9,1,,-22.3,QC'd by DPISMR
74,57288373.0,25181365.0,C1=CC=C(C=C1)C2=C(C(=O)NC=C2)N,0 0 0 0 0 0 0 0 0 0 0 0 0 0 0 0 0 0 0 0 1 0 1 1,-6.35,-6.5,-6.15,-6.7,,-6.5,-7.85,-9.9,,-10.9,-9.2,-16.55,-19.95,,-3.65,QC'd by NCGCChem
75,57288375.0,25181367.0,CN(C)C(=O)C1=CC=C(C=C1)C2=C(C(=O)NC=C2)N,0 0 0 0 0 0 0 0 0 0 0 0 0 0 0 0 0 0 0 0 0 0 0 0,-3.9,-3.85,-3.5,-2.75,,-5.2,-4.85,-4.8,,-8.25,-6.7,-9.95,-13.15,,-17.7,QC'd by NCGCChem
76,26670253.0,135465963.0,CC(=O)NC1=CC=C(C=C1)C2=NNC(=NC3=CC=C(C=C3)S(=O)(=O)N4CCOCC4)SC2,0 0 0 0 0 0 0 0 0 0,,6.4568,8.8781,,8.071,15.3349,23.406,,24.2131,,25.0202,21.7918,31.477,32.2841,,QC'd by null
77,57288406.0,10987982.0,CCOC(=O)C1=C(SC2=C1CCOC2)N,0 0 0 0 0 0 0 0 0 0,,-1.0823,-1.0823,,-4.329,-4.329,-6.4935,,-5.4113,,-5.4113,-5.4113,-5.4113,-6.4935,,QC'd by J&W Pharm
78,17410257.0,1486935.0,CN1C(=O)N=C(S1)NC(=O)C2=CC=CC=C2,0 0 0 0 1 0 0 0 0 1,,-4.7544,1.5848,,-2.3772,-0.7924,-9.5087,,0,,0.7924,1.5848,-2.3772,-3.962,,QC'd by DPISMR
79,4257143.0,892123.0,CN1C=C(C(=N1)C(=O)NC2=C(C(=CC=C2)Cl)Cl)Cl,0 0 0 0 0 0 0 0 0 0 0 0 0 0 1 0 0 0 0 0 0 0 0 0,-7.35,-8.15,-8.15,-9.4,,-8.35,-8.35,-6.1,,-7.35,-5.1,-3.35,-5.1,,-4.85,QC'd by DPISMR
80,57288366.0,7595.0,C1=CC=C(C=C1)NC(=O)NC2=CC=CC=C2,,-3.1,-1.4,-2.35,-1.8,,-1.6,-2.35,-2.55,,-3.3,-1.8,-1.25,-2.7,,-2.15,QC'd by NCGCChem
81,7975827.0,1824214.0,COC(=O)CSC1=NC2=C(S1)C=C(C=C2)NC(=O)CSC3=NN=NN3CC4=CC=CC=C4,0 0 0 0 0 0 0 1 0 0 0 0 0 1 1 1 0 0 0 0 0 0 0 0,-5.1,-6.1,-5.35,-5.35,,-7.1,-6.6,-8.85,,-5.6,-6.6,-7.85,-9.1,,-9.6,QC'd by DPISMR
82,14727173.0,3129653.0,CC(C)(C)C(=O)NC1=C(C2=C(S1)CCC2C(=O)OC)C(=O)OC,0 0 0 0 0 0 1 0 0 0 0 0 0 0 0 0 0 0 0 0 0 0 0 0,-1.95,1.55,1.3,1.85,,0.2,1,0.7,,-1.4,-4.1,-0.35,-5.75,,-2.5,QC'd by DPISMR
83,11114056.0,2415.0,CC1=C(C2=C(N1C(=O)C3=CC=C(C=C3)Cl)C=CC(=C2)OC)CC(=O)N4CCOCC4,,-1.45,-0.35,-0.95,-0.7,,0,-1.65,-1.1,,-2,-1.6,-1.25,-2.4,,-2.9,QC'd by Tocris
84,17504416.0,135497954.0,COC1=C(C=CC(=C1)/C=N/N=C\2/NC(=O)C(S2)CC(=O)O)OCC3=CC=C(C=C3)Cl,1 0 0 0 0 0 0 0 0 0 0 0 0 0 0 0 0 0 0 0 0 0 0 0,1.4,-0.85,-0.85,-2.6,,-2.85,-3.85,-3.6,,-4.6,-6.6,-5.6,-5.1,,-7.85,QC'd by ChemBridge
85,24826318.0,3032310.0,C1C2=CC=CC=C2NC1=S,1 0 0 0 0 0 0 0 0 0,,-21.4626,-23.0525,,-22.2576,-31.0016,-32.5914,,-27.027,,-21.4626,-15.1033,-10.3339,-9.539,,QC'd by null
86,26727964.0,2795856.0,CC(C)(C)C1=CC=C(C=C1)NC(=O)N2CCN(CC2)C3=NC=C(C=C3)[N+](=O)[O-],0 0 0 0 0 0 0 0 0 0 0 0 0 0 0 0 0 1 0 0 0 0 0 0,-2.6,-4.1,-5.1,-2.85,,-3.85,-4.6,-3.6,,-5.1,-8.4,-6.6,-7.85,,-12.95,QC'd by null
87,24386631.0,16010129.0,C1=CC=C2C(=C1)C(=O)N(C3=C(S2(=O)=O)C=CC(=C3)C(=O)NC4=CC=CC(=C4)C#N)CC5=CC(=CC=C5)Cl,0 0 0 0 0 0 0 0 0 0 0 0 0 0 1 0 0 0 0 0 0 0 0 0,-4.55,-4.55,-4.35,-3.65,,-4.4,-3.45,-3.1,,-4.2,-2.35,-2.4,-1.1,,-0.9,QC'd by Sytravon
88,24409434.0,2138945.0,C1CCN(C1)S(=O)(=O)C2=CC3=C(C=C2)N=C(S3)NC(=O)C4=CC=C(C=C4)F,0 0 0 0 0 0 0 0 0 0 0 0 0 0 0 0 1 0 0 0 0 0 0 0,-1.45,-1.5,-1.3,-0.55,,-1.45,-1.8,-3.25,,-6.75,9.3,-4.15,-6.2,,-4.75,QC'd by Sytravon
89,57288390.0,25181373.0,COC(=O)C1CCC2=C1C(=C(S2)NC(=O)CC3=CC=CC=C3)C(=O)NC4=CC=C(C=C4)Cl,1 0 0 0 0 0 0 0 0 0,,0,-3.1696,,-4.7544,-5.5468,-8.7163,,-5.5468,,0,1.5848,3.1696,2.3772,,QC'd by NCGCChem
90,57288381.0,5918015.0,CCOC(=O)N1CCN(CC1)C(=O)CN2C(=O)/C(=C\C3=CC(=CC=C3)OC)/SC2=S,0 0 0 0 0 0 0 0 0 0,,5.5644,3.1797,,5.5644,5.5644,3.1797,,5.5644,,3.9746,-3.1797,-5.5644,-18.283,,QC'd by Innovapharm
91,57288404.0,798725.0,CCOC(=O)C1=NN(C(=O)C2=C(SC=C21)N)C3=CC(=C(C=C3)C)C,0 0 0 0 0 0 0 0 0 0,,0.535,-4.2804,,-3.7453,-1.6051,-3.2103,,-18.1915,,-24.077,-26.7523,-25.1471,-29.4275,,QC'd by NCGCChem
92,24395130.0,16017249.0,CC1=NN(C(=O)C2=CC=CN12)CC(=O)NCC3=CC=C(C=C3)OC,,10.6,-2.55,-2.2,-2.55,,-2.2,-3.65,-2.75,,-2.55,-1.65,-3.1,-3.45,,-2.55,QC'd by Sytravon
93,4262654.0,1307421.0,C1COCCN1C(=O)CSC2=NC3=C(C(=CS3)C4=CC=CO4)C(=O)N2C5=CC=CC=C5,0 0 0 0 0 1 0 0 0 1,,-3.1797,-2.3847,,-3.1797,-3.1797,-3.9746,,-7.1542,,-1.5898,1.5898,2.3847,-7.9491,,QC'd by DPISMR
94,57288396.0,3639936.0,CCOC(=O)C1=NN(C(=O)C2=C(SC=C21)NC(=O)C3=CC=CC=C3)C4=CC=CC=C4,0 0 0 0 0 0 0 0 0 0,,-8.9995,-7.4113,,-4.235,-4.7644,-5.8232,,-4.235,,-3.7057,-5.2938,-3.7057,-5.8232,,QC'd by NCGCChem
95,57288368.0,5814.0,C1=CC(=C(C=C1[C@@H](CN)O)O)O,,-0.65,-1.95,-2.9,-3.1,,-4.25,-5.35,-4.65,,-4.85,-5.8,-5,-4.85,,-5.2,QC'd by NCGCChem
96,24272197.0,1268017.0,CC1=CC=C(C=C1)NC(=O)C2=C(SC3=C2CCCC3)NC(=O)CC4=CC=CC=C4,0 0 0 0 0 0 0 0 0 0,,0.8071,-1.6142,,0,0.8071,-0.8071,,-0.8071,,-3.2284,-4.0355,-5.6497,-10.4923,,QC'd by Sytravon
97,24395406.0,16017499.0,C1CCC(CC1)C(=O)NC2=NN=C(S2)S(=O)(=O)NC3=CC=CC=C3,0 0 0 0 0 0 0 0 0 0 0 0 0 0 0 1 0 0 0 0 0 0 0 1,-2.2,-2.55,-2.55,-2.4,,-3.45,-3.45,-2.35,,10.25,-3.65,-3.3,-4.6,,-5.85,QC'd by Sytravon
98,57288378.0,2288678.0,CCOC(=O)C1=NN(C(=O)C2=C(SC=C21)N)C3=CC=CC(=C3)C(F)(F)F,0 0 0 0 0 0 0 0 0 0,,4.7544,3.1696,,0.7924,-0.7924,-1.5848,,-3.962,,-7.1315,-8.7163,-7.9239,-12.6783,,QC'd by Asinex
99,57288403.0,25181382.0,CCOC(=O)C1=CC=C(C=C1)N2C(=O)C3=C(SC=C3C(=N2)C(=O)OCC)N,0 0 0 0 0 0 0 0 0 0,,3.7453,-2.1402,,3.7453,-1.6051,1.6051,,-6.9556,,-12.8411,-13.9112,-14.4462,-19.2616,,QC'd by NCGCChem
100,22410807.0,6902918.0,C1COCCN1C2=CC=C(C=C2)/C=N/NC(=S)NC3=CC=C(C=C3)S(=O)(=O)N4CCOCC4,1 0 0 0 0 0 0 0 0 0 0 0 1 1 0 0 1 0 0 0 0 0 0 0,-5.6,-7.6,-8.35,-8.1,,-7.6,-8.85,-7.15,,-6.1,-3.85,-5.35,-5.35,,-4.1,QC'd by Enamine
101,11114110.0,4197.0,CC1=C(C=C(C(=O)N1)C#N)C2=CC=NC=C2,0 0 0 0 0 0 0 0 1 0 0 0 0 0 0 0 0 0 0 0 0 0 0 0,-4,-1.8,-0.35,-1.65,,2.2,-0.9,-0.95,,0,0,1.1,-0.55,,-0.55,QC'd by Tocris
102,24395283.0,16017379.0,CN(C1=CC=CC=C1)S(=O)(=O)C2=NN=C(S2)NC(=O)COC3=CC=CC=C3,,-1.25,-2.75,-1.65,-1.45,,-2.55,-1.85,-3.1,,-2.9,-4.2,-1.65,-2.55,,-3.1,QC'd by Sytravon
103,57288369.0,681.0,C1=CC(=C(C=C1CCN)O)O,,-1.45,-0.65,-2.2,-0.9,,-0.9,-1.6,-2.75,,-3.7,-2.75,-2.35,-1.6,,-3.85,QC'd by NCGCChem
104,24276261.0,15991496.0,C1COCCN1C2=C(C=C(C=C2)[N+](=O)[O-])C(=O)NC3=CC=CC(=C3)C4=NC5=CC=CC=C5O4,,-4.75,-2.4,-2.4,-1.85,,-1.5,-2.95,-1.65,,-1.85,-1.5,-2.25,-2.05,,-3.1,QC'd by Sytravon
105,57288388.0,4185185.0,CCOC(=O)C1=NN(C(=O)C2=C(SC=C21)NC(=O)CC3=CC=CC=C3)C4=CC=C(C=C4)OC,1 0 0 0 0 0 0 0 0 0,,1.5898,0,,-1.5898,1.5898,1.5898,,3.1797,,5.5644,3.9746,1.5898,2.3847,,QC'd by NCGCChem
106,24819547.0,3842739.0,CN1C(=O)C=C(N1)CSC2=CC=C(C=C2)Cl,0 0 0 0 0 0 0 0 0 0 0 1 0 1 0 0 0 0 0 0 0 0 0 1,0.2,-1.4,-0.6,-3.05,,-4.65,-13.85,-13.9,,-8.5,-5.75,-4.9,-7.65,,-3.05,QC'd by Key Organics Ltd.
107,57288361.0,648952.0,CCOC(=O)C1=NN(C(=O)C(=C1C)C#N)C2=CC=CC=C2,,,1.6234,0.5411,,0,-0.5411,1.0823,,-1.0823,,-1.6234,-0.5411,0,-3.7879,,QC'd by NCGCChem
108,24272203.0,1047277.0,COC1=CC=C(C=C1)NC(=O)C2=C(SC3=C2CCCC3)NC(=O)CC4=CC=CC=C4,0 0 0 0 0 0 1 0 0 0,,-6.3593,-4.7695,,-4.7695,-3.1797,-3.1797,,-2.3847,,1.5898,-3.1797,-0.7949,-3.9746,,QC'd by Sytravon
109,57288384.0,25181370.0,CN1CCC2=C(C1)C(=C(S2)NC(=O)CC3=CC=CC=C3)C(=O)NC4=CC=C(C=C4)Cl,0 0 0 0 0 0 0 0 0 0,,2.3772,5.5468,,1.5848,7.1315,7.1315,,9.5087,,9.5087,7.1315,11.8859,22.9794,,QC'd by NCGCChem
110,24383840.0,16007667.0,CC1=NOC(=C1S(=O)(=O)N2CCC(CC2)C(=O)NC3=CC(=C(C=C3)OC)Cl)/C=C/C4=CC=CS4,,-5.65,-5.45,-4.55,-5.25,,-9.85,-7.1,-9.1,,-9.3,-10.05,-8,-7.3,,-9.5,QC'd by Sytravon
111,57288402.0,25181381.0,CCOC(=O)C1=NN(C(=O)C2=C(SC=C21)N)C3=CC=CC=C3F,0 0 0 0 0 0 0 0 0 0,,2.1402,1.0701,,2.6752,2.1402,1.6051,,-2.6752,,-18.1915,-17.1215,-13.3761,-12.8411,,QC'd by NCGCChem
112,24275494.0,4201507.0,CC1=C(C2=C(N1C(=O)C3=CC=C(C=C3)Cl)C=CC(=C2)OC)CC(=O)NC4=CC=C(C=C4)C(=O)C,0 0 0 0 0 0 0 0 0 0 1 0 1 0 0 0 0 0 0 0 0 0 0 0,-4.2,-2.05,-2.4,-2.95,,-5.85,-8.75,-8.55,,-10.95,-10.15,-8.7,-12.2,,-10.55,QC'd by Sytravon
113,57288407.0,23878160.0,CCOC(=O)C1=C(SC2=C1CN(CC2)C)N,0 0 0 0 0 0 0 0 0 0,,0,-1.5881,,0.5294,-3.7057,-3.1763,,-4.7644,,-6.3526,-7.4113,-7.9407,-13.2345,,QC'd by Chembridge
114,57288385.0,25181371.0,C1COCC2=C1C(=C(S2)NC(=O)CC3=CC=CC=C3)C(=O)NC4=CC=C(C=C4)Cl,0 0 0 0 0 0 0 0 1 0,,-2.3772,0,,-2.3772,0.7924,-4.7544,,0.7924,,-3.962,-6.3391,-0.7924,-15.8479,,QC'd by NCGCChem
115,57288370.0,3119666.0,C1CCC2=C(C1)C(=C(S2)NC(=O)CC3=CC=CC=C3)C(=O)NC4=CC=C(C=C4)Cl,0 0 0 0 0 0 0 0 0 0,,-3.9746,-2.3847,,-6.3593,-3.9746,-3.9746,,-3.1797,,0,1.5898,3.9746,0.7949,,QC'd by NCGCChem
116,57288393.0,25181375.0,CCOC(=O)C1=NN(C(=O)C2=C(SC(=C21)C)N)C3=CC=CC=C3,0 0 0 0 0 0 0 0 0 0,,-5.3505,-5.3505,,-5.8855,-4.2804,-3.7453,,-2.1402,,-2.6752,-2.1402,-6.4205,-12.8411,,QC'd by NCGCChem
117,24415951.0,2916654.0,COC1=CC(=C(C=C1)OC)NC(=O)C2=C(SC3=C2CCCC3)NCC4=CC=CS4,0 0 0 0 0 0 0 0 0 0,,2.3847,5.5644,,5.5644,11.1288,12.7186,,15.8983,,15.1033,14.3084,13.5135,10.3339,,QC'd by Sytravon
118,14729805.0,2971796.0,CC1=CC=C(C=C1)NC(=O)N2CCN(CC2)C3=CC=CC=N3,,-5.35,-7.35,-7.6,-8.9,,-9.4,-7.85,-6.1,,-8.35,-5.85,-6.6,-8.9,,-9.65,QC'd by DPISMR
119,24401281.0,16022892.0,CC1=CC=C(C=C1)NCC2=CC3=CC4=C(C=C3N(C2=O)CC(=O)NC5=CC=C(C=C5)C)OCCO4,,-3.65,-3.25,-4.7,-5.3,,-4.55,-6.2,-8.4,,-6,-8.75,-4.95,-3.25,,-7.5,QC'd by Sytravon
120,57288401.0,25181380.0,COC1=C(C=C(C=N1)C2=CC=CC=C2)N,0 0 0 0 0 0 0 0 0 0,,2.6752,2.1402,,3.2103,0,1.6051,,1.0701,,1.6051,-1.6051,-1.6051,-4.2804,,QC'd by NCGCChem
121,57288408.0,11837074.0,CC1=C2C=NN(C(=O)C2=C(S1)NC(=O)C)C3=CC=CC=C3,0 0 0 0 0 0 0 0 0 0,,0,-1.6051,,-1.6051,-2.1402,-3.2103,,-3.7453,,-2.6752,-3.2103,-5.3505,-5.3505,,QC'd by Endotherm
122,57288363.0,3239066.0,C1CN(CCC1C(=O)NCC2=CN=CC=C2)S(=O)(=O)C3=CC=CS3,1 0 1 0 0 0 1 0 0 0 1 0 0 0 0 0 0 0 0 0 0 0 0 0,-2.75,-2.55,-1.95,-4.05,,-3.85,-4.45,-4.25,,-4.4,-5.2,-5.35,-4.45,,-5.75,QC'd by NCGCChem
123,57288377.0,1205057.0,C1=CC(=CC(=C1)Cl)C2=CC=C(O2)/C=C\3/C(=O)N(C(=S)S3)CC(=O)O,0 0 0 0 0 0 0 0 0 0 0 0 0 0 0 0 0 0 0 0 0 1 0 0,0.3,-0.1,-0.25,-1.05,,-1.6,-3.1,-4.25,,-4.25,-3.85,-6,-5.2,,-8.8,QC'd by NCGCChem
124,17431920.0,2980171.0,COC1=CC2=C(C=C1)OC(=N2)C3=CC=C(C=C3)NC(=O)C4=CC(=C(C=C4)N5CCOCC5)[N+](=O)[O-],,-2.25,-3.55,-2.5,-4.15,,-4.4,-7.1,-7.4,,-4.95,-5.2,-6.8,-6,,-2.5,QC'd by ChemBridge
125,22402279.0,2248195.0,CC1=NN=C(S1)NC(=O)CN2C(=O)/C(=C\C3=CC(=CC=C3)OC)/SC2=S,0 0 0 0 0 0 0 0 0 0,,3.1797,0.7949,,1.5898,-0.7949,-0.7949,,-0.7949,,-5.5644,-7.9491,-11.1288,-24.6423,,QC'd by Life Chemicals
126,50110739.0,24302.0,CC1=NC2=CC=CC=C2OC1=O,,-6.1,-7.35,-8.9,-6.9,,-5.1,-5.1,-5.1,,-4.1,-4.1,-6.6,-4.35,,-4.6,QC'd by BUCMLD
127,57288382.0,3119678.0,C1CCC2=C(C1)C(=C(S2)NC(=O)CC3=CC=CC=C3)C(=O)NC4=CC(=CC=C4)Cl,0 0 0 0 0 0 0 0 0 0,,-8.744,-8.744,,-6.3593,-6.3593,-9.539,,-3.1797,,-2.3847,-1.5898,-1.5898,0.7949,,QC'd by NCGCChem
128,26753630.0,16219029.0,C1=CC=C2C(=C1)C=CC(=N2)C3=CC=C(C=C3)N.Cl,0 0 0 0 0 0 0 0 1 0 0 0 0 0 0 0 0 0 0 0 0 0 0 0,0,-2.35,-0.7,-0.55,,13.85,0.2,0,,-2.55,-1.1,-1.25,-1.3,,-5.65,QC'd by SigmaAldrich
129,57288392.0,25181374.0,COC(=O)C1CCC2=C1C(=C(S2)N)C(=O)OCC3=CC=CC=C3,0 0 0 0 0 0 0 0 0 0,,-3.7879,-3.2468,,-5.4113,-5.9524,-4.8701,,-5.9524,,-7.0346,-7.5758,-9.1991,-11.9048,,QC'd by NCGCChem
130,24415772.0,4207696.0,CC(C)C1=CC=C(C=C1)NS(=O)(=O)C2=CC3=C(C=C2)NC=C(C3=O)C(=O)NCCC4=CC=CC=C4,0 0 0 0 0 0 0 0 0 0 1 0 1 0 0 0 0 0 0 0 0 0 0 0,-4,-2.95,-3.8,-3.5,,-7.1,-8.95,-12.05,,-10.6,-10.95,-12.2,-12.95,,-17.15,QC'd by Sytravon
131,24819545.0,1489523.0,CC1=CC=C(C=C1)SCC2=CC(=O)N(N2)C,0 0 0 0 0 0 0 1 1 0 0 0 0 0 0 0 1 0 0 0 0 0 0 1,-1.95,-4.15,-5.2,-2.8,,-8.2,-9,-7.1,,-8.75,-3.85,-7.65,-6.8,,-3.6,QC'd by Key Organics Ltd.
132,24272201.0,3119667.0,C1CCC2=C(C1)C(=C(S2)NC(=O)CC3=CC=CC=C3)C(=O)NC4=CC=C(C=C4)Br,0 0 0 0 0 0 0 0 0 0,,-6.3593,-4.7695,,-3.1797,-4.7695,-2.3847,,-3.9746,,-5.5644,-7.1542,-11.9237,-13.5135,,QC'd by Sytravon
133,57288409.0,11837072.0,CC1=C2C=NN(C(=O)C2=C(S1)N)C3=CC=CC=C3,0 0 0 0 0 0 0 0 0 0,,-1.0701,0,,-0.535,-1.0701,-2.1402,,-2.6752,,-3.7453,-6.9556,-11.771,-17.1215,,QC'd by Endotherm
134,24395227.0,16017325.0,CCN(C1=CC=CC=C1)S(=O)(=O)C2=NN=C(S2)NC(=O)C(C)(C)C,0 0 0 0 0 0 0 0 0 0 1 0 0 0 0 0 0 0 0 0 0 0 0 1,-0.4,-0.6,0.3,-1.35,,0,-2.95,-2.05,,-2.4,-3.7,-2.2,-4.6,,-5.3,QC'd by Sytravon
135,57288383.0,25181369.0,COC1=C(C=CC=C1Cl)NC(=O)C2=C(SC3=C2CCCC3)NC(=O)CC4=CC=CC=C4,1 0 0 0 0 0 0 0 0 1,,4.0355,0,,1.6142,4.0355,7.2639,,8.8781,,6.4568,3.2284,9.6852,4.0355,,QC'd by NCGCChem
136,57288391.0,2789721.0,COC(=O)C1CCC2=C1C(=C(S2)N)C(=O)OC,0 0 0 0 0 0 0 0 0 0,,-1.0823,1.0823,,-3.2468,-3.7879,-5.9524,,-5.9524,,-8.1169,-8.1169,-7.0346,-9.7403,,QC'd by NCGCChem
137,24272225.0,3119676.0,CC1CCC2=C(C1)SC(=C2C(=O)NC3=CC=C(C=C3)Cl)NC(=O)CC4=CC=CC=C4,0 0 0 0 0 0 0 0 0 0,,-5.6497,-4.0355,,-7.2639,-4.0355,-8.8781,,-4.0355,,-7.2639,-10.4923,-12.9136,-20.9847,,QC'd by Sytravon
138,24395385.0,16017478.0,CC1=CC=C(C=C1)N(C)S(=O)(=O)C2=NN=C(S2)NC(=O)C3CCCCC3,0 0 0 0 0 1 0 0 0 0 0 0 0 0 0 0 0 0 0 0 0 0 0 0,-1.6,-1.65,9.1,-2.95,,-4.75,-5.3,-4.6,,-5.3,-5.15,-10.95,-6.95,,-6,QC'd by Sytravon
